UserID,arrival_hour,departure_hour,duration_hours,energy_kwh,v2g_available,session_count,cluster
0,14.943428517098216,13.574715557950116,2.7027799786602436,16.63274617310557,0.029696066934998256,31553,afternoon_charger
1,11.394495412844037,12.128440366972477,5.5703363914373085,35.8954128440367,0.01834862385321101,109,morning_charger
2,15.268292682926829,17.0,2.8540650406504064,19.683170731707317,0.0,41,afternoon_charger
3,16.085714285714285,17.514285714285716,2.794285714285714,22.888,0.0,35,afternoon_charger
4,15.713450292397662,15.432748538011696,2.6880116959064324,15.885438596491227,0.04093567251461988,171,afternoon_charger
5,16.5,11.5,7.0,14.5,0.5,2,afternoon_charger
6,16.037735849056602,11.339622641509434,4.832389937106918,37.90867924528302,0.0,53,afternoon_charger
7,16.424657534246574,17.027397260273972,3.964611872146119,19.575068493150685,0.0136986301369863,73,afternoon_charger
8,16.28,18.248,3.1096,11.876479999999999,0.144,125,afternoon_charger
9,16.624309392265193,17.171270718232044,0.5294659300184161,12.771381215469612,0.0,181,afternoon_charger
10,12.736842105263158,13.736842105263158,2.149122807017544,13.692105263157893,0.0,19,afternoon_charger
11,14.30188679245283,14.971698113207546,0.6144654088050314,14.720377358490564,0.0,106,afternoon_charger
12,13.91304347826087,14.521739130434783,0.675,18.606521739130436,0.0,46,afternoon_charger
13,16.142857142857142,12.26984126984127,5.078042328042328,31.646349206349207,0.09523809523809523,63,afternoon_charger
14,14.5625,15.9375,1.5885416666666667,17.89125,0.0,32,afternoon_charger
15,15.138248847926267,16.13364055299539,2.544393241167435,8.547834101382488,0.018433179723502304,217,afternoon_charger
16,16.26923076923077,17.653846153846153,1.357051282051282,9.212307692307693,0.0,26,afternoon_charger
17,17.483870967741936,17.387096774193548,0.656989247311828,16.78274193548387,0.0,62,afternoon_charger
18,16.82857142857143,16.514285714285716,1.4795238095238095,19.037285714285712,0.0,70,afternoon_charger
19,13.846153846153847,14.461538461538462,0.6012820512820513,21.134615384615383,0.0,13,afternoon_charger
20,15.145985401459853,16.905109489051096,1.9045012165450124,11.685620437956205,0.0072992700729927005,137,afternoon_charger
21,14.414634146341463,16.341463414634145,2.453658536585366,12.793658536585365,0.024390243902439025,41,afternoon_charger
22,14.73469387755102,15.306122448979592,2.4149659863945576,8.29142857142857,0.02040816326530612,49,afternoon_charger
23,13.592592592592593,15.296296296296296,1.7830246913580245,11.781851851851853,0.0,54,afternoon_charger
24,13.214285714285714,13.5,1.1202380952380953,15.907499999999999,0.03571428571428571,28,afternoon_charger
25,10.0,10.666666666666666,0.4277777777777778,7.773333333333333,0.0,3,morning_charger
26,15.166666666666666,15.0,2.877083333333333,25.583333333333332,0.0,24,afternoon_charger
27,14.542056074766355,16.08411214953271,1.5538940809968849,9.016542056074766,0.009345794392523364,107,afternoon_charger
28,16.154761904761905,16.44047619047619,0.8609126984126984,18.709999999999997,0.0,84,afternoon_charger
29,16.28921568627451,18.019607843137255,1.7433823529411763,11.478529411764706,0.0,204,afternoon_charger
30,15.861538461538462,16.05128205128205,0.7226495726495726,29.90830769230769,0.0,195,afternoon_charger
31,14.733711048158641,15.997167138810198,1.6432483474976394,5.5537110481586405,0.0084985835694051,353,afternoon_charger
32,10.21505376344086,12.591397849462366,2.354301075268817,17.471182795698923,0.0,93,morning_charger
33,15.016949152542374,16.016949152542374,1.4177966101694917,14.20271186440678,0.0,59,afternoon_charger
34,13.228571428571428,13.514285714285714,0.38857142857142857,15.008,0.0,35,afternoon_charger
35,14.342857142857143,11.257142857142858,3.06,24.078285714285716,0.05714285714285714,35,afternoon_charger
36,8.556666666666667,11.176666666666666,2.603111111111111,18.135833333333334,0.0,300,morning_charger
37,15.25925925925926,16.012345679012345,0.7617283950617283,19.912592592592592,0.012345679012345678,81,afternoon_charger
38,16.4792899408284,12.804733727810651,6.83224852071006,6.167455621301775,0.5502958579881657,169,afternoon_charger
39,16.333333333333332,13.333333333333334,4.5,8.459999999999999,0.3333333333333333,3,afternoon_charger
40,14.476780185758514,15.287925696594428,2.277089783281734,7.791362229102168,0.0030959752321981426,323,afternoon_charger
41,12.547945205479452,12.883561643835616,0.3704337899543379,14.046369863013698,0.0,146,afternoon_charger
42,14.767123287671232,12.876712328767123,2.0276255707762556,13.853424657534246,0.0136986301369863,73,afternoon_charger
43,9.222222222222221,10.11111111111111,6.196296296296296,44.284444444444446,0.0,9,morning_charger
44,13.924731182795698,14.172043010752688,0.8442652329749104,21.216236559139787,0.010752688172043012,93,afternoon_charger
45,15.0,14.395348837209303,1.5348837209302326,29.246976744186043,0.0,43,afternoon_charger
46,15.16,8.28,5.557333333333333,18.6672,0.76,25,afternoon_charger
47,12.909090909090908,15.363636363636363,2.493939393939394,17.873636363636365,0.0,11,afternoon_charger
48,10.5,11.0,0.625,24.36,0.0,2,morning_charger
49,17.379310344827587,13.379310344827585,4.324137931034483,36.30034482758621,0.13793103448275862,29,afternoon_charger
50,14.692307692307692,15.307692307692308,0.5705128205128205,20.474615384615387,0.0,13,afternoon_charger
51,15.837837837837839,16.324324324324323,0.6072072072072071,24.225675675675678,0.0,37,afternoon_charger
52,15.578947368421053,16.263157894736842,0.6324561403508772,24.23157894736842,0.0,19,afternoon_charger
53,15.160714285714286,15.696428571428571,0.6074404761904761,22.914107142857144,0.0,56,afternoon_charger
54,15.993975903614459,18.10843373493976,2.445983935742972,14.010120481927709,0.04819277108433735,166,afternoon_charger
55,15.054945054945055,15.791208791208792,0.7771062271062271,22.294945054945053,0.0,91,afternoon_charger
56,12.538461538461538,13.307692307692308,0.698076923076923,13.591153846153846,0.0,26,afternoon_charger
57,10.11111111111111,10.555555555555555,0.6037037037037037,26.781111111111112,0.0,18,morning_charger
58,10.777777777777779,14.333333333333334,3.6351851851851853,30.08666666666667,0.0,9,morning_charger
59,14.75,16.0,1.3041666666666667,19.5525,0.0,4,afternoon_charger
60,13.783018867924529,14.424528301886792,1.044811320754717,9.376509433962264,0.0,106,afternoon_charger
61,14.567164179104477,14.970149253731343,0.4569651741293532,15.508059701492536,0.0,67,afternoon_charger
62,12.488636363636363,12.954545454545455,0.4477272727272727,13.673977272727273,0.0,88,afternoon_charger
63,10.095238095238095,13.695238095238095,3.410476190476191,20.55552380952381,0.0,105,morning_charger
64,10.658536585365853,12.231707317073171,1.5447154471544715,11.719146341463414,0.012195121951219513,82,morning_charger
65,9.3,14.3,5.108333333333333,34.047000000000004,0.0,10,morning_charger
66,10.833333333333334,11.333333333333334,0.5125000000000001,26.849999999999998,0.0,12,morning_charger
67,10.581395348837209,12.651162790697674,2.1069767441860465,11.950697674418604,0.0,43,morning_charger
68,12.345549738219896,12.366492146596858,0.18525305410122164,3.484973821989529,0.0,191,afternoon_charger
69,15.571428571428571,16.571428571428573,1.1404761904761904,15.692857142857141,0.0,7,afternoon_charger
70,9.183673469387756,12.25,3.1551020408163266,17.08066326530612,0.061224489795918366,196,morning_charger
71,12.03,12.745,1.1063333333333332,16.1483,0.01,200,afternoon_charger
72,11.933333333333334,12.333333333333334,0.5366666666666667,14.158666666666667,0.0,15,morning_charger
73,12.847457627118644,14.474576271186441,2.211581920903955,12.583135593220339,0.00847457627118644,118,afternoon_charger
74,15.608163265306123,15.787755102040816,0.41027210884353743,10.651469387755103,0.0,245,afternoon_charger
75,13.259803921568627,13.696078431372548,0.4411764705882353,15.663088235294117,0.0,204,afternoon_charger
76,10.007575757575758,13.31060606060606,3.271464646464646,8.856136363636363,0.6439393939393939,132,morning_charger
77,13.075471698113208,14.075471698113208,1.3915094339622642,20.072452830188677,0.03773584905660377,53,afternoon_charger
78,11.0,11.666666666666666,0.5555555555555555,17.76,0.0,3,morning_charger
79,7.723076923076923,9.807692307692308,2.185,13.618538461538462,0.0,130,morning_charger
80,14.23125,14.70625,0.40718750000000004,7.6453125,0.0,160,afternoon_charger
81,11.127659574468085,11.936170212765957,0.8485815602836879,16.57723404255319,0.0,47,morning_charger
82,11.642857142857142,13.071428571428571,1.4821428571428572,7.993571428571428,0.0,14,morning_charger
83,10.560747663551401,11.495327102803738,0.9211838006230529,29.34355140186916,0.0,107,morning_charger
84,10.930232558139535,13.813953488372093,2.9837209302325585,8.453953488372093,0.4186046511627907,43,morning_charger
85,14.551724137931034,15.586206896551724,1.032758620689655,11.838965517241379,0.0,29,afternoon_charger
86,16.779661016949152,14.35593220338983,2.9530367231638417,6.889915254237288,0.1483050847457627,236,afternoon_charger
87,7.921348314606742,9.241573033707866,1.3925093632958803,9.705617977528089,0.0,178,morning_charger
88,13.214285714285714,13.685714285714285,2.2061904761904763,7.815357142857144,0.02142857142857143,140,afternoon_charger
89,5.865168539325842,7.629213483146067,1.68689138576779,10.557415730337079,0.0,89,night_charger
90,13.69767441860465,6.1395348837209305,4.210852713178294,9.883720930232558,0.627906976744186,43,afternoon_charger
91,10.970873786407767,11.679611650485437,0.7105177993527508,18.3226213592233,0.0,103,morning_charger
92,14.89,15.49,0.5686666666666667,25.0333,0.0,100,afternoon_charger
93,9.71111111111111,10.966666666666667,2.5433333333333334,16.177555555555557,0.0,90,morning_charger
94,10.227272727272727,12.272727272727273,2.056060606060606,6.785,0.045454545454545456,22,morning_charger
95,15.557471264367816,8.652298850574713,4.130172413793104,27.649339080459768,0.05172413793103448,348,afternoon_charger
96,18.43548387096774,7.548387096774194,5.413978494623656,37.8708064516129,0.0,62,evening_charger
97,16.59090909090909,17.84090909090909,1.772348484848485,5.9775,0.0,44,afternoon_charger
98,15.991803278688524,14.163934426229508,5.484153005464481,32.97360655737705,0.09016393442622951,122,afternoon_charger
99,17.627906976744185,8.511627906976743,6.370930232558139,41.676511627906976,0.13953488372093023,43,afternoon_charger
100,14.24,15.133333333333333,2.2435555555555555,20.432933333333335,0.013333333333333334,75,afternoon_charger
101,16.055555555555557,10.63888888888889,5.994907407407407,42.954166666666666,0.027777777777777776,36,afternoon_charger
102,17.266233766233768,6.8311688311688314,7.154220779220779,24.208831168831168,0.8961038961038961,154,afternoon_charger
103,17.053333333333335,6.4,6.0215555555555556,39.4816,0.013333333333333334,75,afternoon_charger
104,18.307692307692307,2.326923076923077,7.11826923076923,48.86057692307692,0.0,52,evening_charger
105,17.911627906976744,9.167441860465116,4.758139534883721,30.86106976744186,0.0,215,afternoon_charger
106,15.916256157635468,11.714285714285714,3.8732348111658457,25.414679802955668,0.4482758620689655,203,afternoon_charger
107,15.25503355704698,12.818791946308725,6.376957494407159,9.913489932885906,0.5570469798657718,149,afternoon_charger
108,16.76271186440678,15.432203389830509,2.9310734463276837,10.544152542372881,0.0,118,afternoon_charger
109,18.08411214953271,12.289719626168225,2.2819314641744546,16.04289719626168,0.0,107,evening_charger
111,21.0,21.0,0.48333333333333334,15.59,0.0,1,evening_charger
112,16.256756756756758,14.702702702702704,2.6049549549549553,8.174054054054054,0.08108108108108109,74,afternoon_charger
113,16.653061224489797,17.73469387755102,1.9959183673469387,19.041428571428572,0.0,49,afternoon_charger
114,15.8,16.43076923076923,0.5892307692307692,28.250615384615383,0.0,65,afternoon_charger
115,15.720588235294118,19.102941176470587,3.2590686274509806,23.748970588235295,0.0,68,afternoon_charger
116,15.569444444444445,14.76388888888889,0.9046296296296296,23.83111111111111,0.0,72,afternoon_charger
117,17.0,17.176470588235293,1.6294117647058823,38.67235294117648,0.0,17,afternoon_charger
118,17.26086956521739,14.26086956521739,2.199275362318841,7.178260869565217,0.08695652173913043,46,afternoon_charger
119,15.56,16.104,0.5207999999999999,23.6764,0.0,125,afternoon_charger
120,16.0,16.9,3.3108333333333335,6.855500000000001,0.25,20,afternoon_charger
121,18.036585365853657,18.304878048780488,0.3670731707317073,10.403658536585366,0.0,82,evening_charger
122,14.0,13.526315789473685,0.9114035087719298,15.369473684210526,0.0,19,afternoon_charger
123,12.101449275362318,13.181159420289855,2.251570048309179,7.287536231884058,0.13043478260869565,138,afternoon_charger
124,17.705882352941178,17.15126050420168,2.0620448179271706,14.329915966386555,0.025210084033613446,119,afternoon_charger
125,14.116279069767442,14.63953488372093,0.8751937984496124,11.924186046511629,0.0,86,afternoon_charger
126,18.0,19.0,0.6666666666666666,2.8,0.0,1,evening_charger
127,14.747967479674797,16.252032520325205,1.5062330623306235,10.050569105691057,0.0,123,afternoon_charger
128,14.698412698412698,16.253968253968253,2.2862433862433864,7.207301587301587,0.031746031746031744,63,afternoon_charger
129,12.854166666666666,15.854166666666666,3.585763888888889,9.9575,0.5416666666666666,48,afternoon_charger
130,16.2,17.0,1.0100000000000002,20.016,0.0,5,afternoon_charger
131,12.432432432432432,14.324324324324325,3.092792792792793,16.783783783783782,0.05405405405405406,37,afternoon_charger
132,11.459770114942529,13.32183908045977,3.109961685823755,8.340344827586208,0.10344827586206896,174,morning_charger
133,14.073394495412844,14.688073394495413,0.5558103975535168,16.491192660550457,0.0,109,afternoon_charger
134,14.090909090909092,10.772727272727273,3.286363636363636,29.86590909090909,0.0,22,afternoon_charger
135,7.394736842105263,12.447368421052632,5.626973684210526,38.504210526315795,0.0,76,morning_charger
136,12.098039215686274,12.666666666666666,0.6045751633986928,21.892941176470586,0.0,51,afternoon_charger
137,12.526315789473685,15.631578947368421,2.9780701754385968,17.629473684210524,0.0,19,afternoon_charger
138,15.791666666666666,13.625,1.8277777777777777,18.27958333333333,0.08333333333333333,24,afternoon_charger
139,14.454545454545455,16.333333333333332,1.8747474747474748,12.227575757575757,0.0,33,afternoon_charger
140,14.8,15.363636363636363,0.5636363636363636,26.849454545454545,0.0,55,afternoon_charger
141,15.777777777777779,18.833333333333332,4.467592592592593,27.427222222222223,0.05555555555555555,18,afternoon_charger
142,14.326923076923077,14.923076923076923,0.5118589743589743,16.32423076923077,0.0,52,afternoon_charger
143,10.18918918918919,10.91891891891892,0.604954954954955,18.286756756756755,0.0,37,morning_charger
144,13.0,13.25,0.6541666666666667,2.3275,0.0,4,afternoon_charger
145,14.0,14.5,0.5,24.240000000000002,0.0,2,afternoon_charger
146,13.123287671232877,13.767123287671232,0.7109589041095891,17.687123287671234,0.0,73,afternoon_charger
147,12.802197802197803,13.43956043956044,0.5697802197802198,18.441758241758244,0.0,91,afternoon_charger
148,14.144144144144144,14.792792792792794,1.092042042042042,7.268738738738739,0.009009009009009009,111,afternoon_charger
149,13.764705882352942,15.0,1.2392156862745098,7.816470588235294,0.0,17,afternoon_charger
150,13.576271186440678,14.169491525423728,0.9323446327683615,17.0685593220339,0.01694915254237288,118,afternoon_charger
151,16.22222222222222,9.11111111111111,4.914351851851851,37.37222222222223,0.1388888888888889,36,afternoon_charger
152,11.966386554621849,12.588235294117647,0.4535014005602241,6.372268907563025,0.0,119,morning_charger
153,11.0,12.833333333333334,2.0722222222222224,28.77,0.0,6,morning_charger
154,17.25,13.25,1.8250000000000002,18.287499999999998,0.0,4,afternoon_charger
155,13.583333333333334,16.25,2.661111111111111,16.775833333333335,0.0,12,afternoon_charger
156,12.956834532374101,13.37410071942446,0.4800959232613909,9.16338129496403,0.007194244604316547,139,afternoon_charger
157,13.0,14.0,1.1,28.965000000000003,0.0,2,afternoon_charger
158,12.852459016393443,14.131147540983607,1.224863387978142,15.299344262295081,0.0,61,afternoon_charger
159,12.292307692307693,14.36923076923077,2.040769230769231,7.064307692307692,0.015384615384615385,65,afternoon_charger
160,15.412698412698413,17.19047619047619,1.8649470899470901,12.672380952380953,0.0,126,afternoon_charger
161,11.1875,12.28125,1.3680989583333334,12.940078125,0.015625,128,morning_charger
162,12.291666666666666,13.0625,0.6104166666666667,23.9825,0.0,48,afternoon_charger
163,7.75,11.5,3.816666666666667,14.265,0.25,4,morning_charger
164,12.75,13.3125,0.5520833333333334,15.7425,0.0,16,afternoon_charger
165,8.616666666666667,14.966666666666667,6.2747222222222225,37.370250000000006,0.06666666666666667,120,morning_charger
166,19.0,11.5,16.566666666666666,44.055,1.0,2,evening_charger
167,13.0,13.5,0.42300347222222223,8.750260416666666,0.0,192,afternoon_charger
168,18.217391304347824,18.82608695652174,0.5880434782608696,29.66695652173913,0.0,46,evening_charger
169,13.308823529411764,14.132352941176471,0.8082107843137254,27.7275,0.0,136,afternoon_charger
170,16.428571428571427,10.6,11.416190476190476,19.866,0.8,35,afternoon_charger
171,14.411764705882353,15.176470588235293,0.6205882352941176,31.19588235294118,0.0,17,afternoon_charger
172,11.904761904761905,14.722222222222221,3.4972222222222222,18.74126984126984,0.15873015873015872,126,morning_charger
173,9.634920634920634,11.238095238095237,1.5476190476190477,48.73571428571429,0.0,63,morning_charger
174,15.117647058823529,13.117647058823529,2.3151960784313728,14.267941176470588,0.029411764705882353,34,afternoon_charger
175,14.4,14.6,0.46333333333333326,26.673000000000002,0.0,10,afternoon_charger
176,19.0,8.193548387096774,2.8801075268817202,12.511290322580646,0.4032258064516129,62,evening_charger
177,14.461538461538462,15.692307692307692,2.3064102564102567,7.905384615384615,0.0,26,afternoon_charger
178,8.5,9.833333333333334,1.1580555555555556,7.912333333333334,0.0,60,morning_charger
179,15.985337243401759,15.105571847507331,2.7643695014662755,6.235953079178886,0.16422287390029325,341,afternoon_charger
180,14.96808510638298,10.414893617021276,2.5122340425531915,8.931170212765958,0.010638297872340425,94,afternoon_charger
181,6.0,8.0,2.5166666666666666,15.95,0.0,1,morning_charger
182,14.11111111111111,14.5,0.5712962962962963,17.313333333333333,0.0,18,afternoon_charger
183,13.772727272727273,8.363636363636363,4.493181818181818,29.635454545454547,0.0,22,afternoon_charger
184,13.208333333333334,13.166666666666666,0.9152777777777779,16.40875,0.0,24,afternoon_charger
185,12.833333333333334,14.333333333333334,1.2944444444444445,13.015,0.0,6,afternoon_charger
186,16.30952380952381,13.928571428571429,3.6854497354497355,14.783492063492064,0.3412698412698413,126,afternoon_charger
187,17.60674157303371,5.808988764044944,6.0314606741573025,37.986516853932585,0.1348314606741573,89,afternoon_charger
188,16.394736842105264,13.236842105263158,3.8482456140350876,28.224736842105262,0.0,38,afternoon_charger
189,16.266666666666666,8.333333333333334,3.118888888888889,19.956666666666667,0.0,15,afternoon_charger
190,18.03174603174603,7.476190476190476,5.432010582010582,34.333492063492066,0.09523809523809523,63,evening_charger
191,14.805970149253731,16.17910447761194,2.8427860696517415,9.66402985074627,0.16417910447761194,67,afternoon_charger
192,14.222222222222221,17.77777777777778,6.322222222222222,20.81888888888889,0.7777777777777778,9,afternoon_charger
193,16.761194029850746,9.940298507462687,5.355721393034827,38.105522388059704,0.13432835820895522,67,afternoon_charger
194,17.221476510067113,12.583892617449665,6.146644295302013,19.42979865771812,0.6308724832214765,149,afternoon_charger
195,18.216216216216218,14.594594594594595,2.9353603603603604,19.86027027027027,0.013513513513513514,74,evening_charger
196,16.22222222222222,13.523809523809524,2.2634920634920634,7.099047619047619,0.06349206349206349,63,afternoon_charger
197,17.714285714285715,19.523809523809526,3.053968253968254,10.744761904761905,0.0,21,afternoon_charger
198,14.0,16.0,1.8833333333333333,7.05,0.0,2,afternoon_charger
199,18.301204819277107,17.686746987951807,3.058835341365462,15.069036144578314,0.10843373493975904,83,evening_charger
200,15.071428571428571,12.0,3.801190476190476,14.98,0.21428571428571427,14,afternoon_charger
201,14.53125,15.375,1.44375,11.78875,0.0625,32,afternoon_charger
202,14.89090909090909,16.89090909090909,2.1018181818181816,14.011818181818182,0.0,55,afternoon_charger
203,14.744186046511627,15.837209302325581,1.124031007751938,17.507906976744188,0.0,43,afternoon_charger
204,17.157894736842106,13.447368421052632,4.3995614035087725,25.96315789473684,0.21052631578947367,38,afternoon_charger
205,11.925,15.65,5.710416666666666,31.13825,0.4,40,morning_charger
206,9.555555555555555,14.277777777777779,4.6648148148148145,28.542777777777776,0.0,18,morning_charger
207,12.636363636363637,13.772727272727273,0.9537878787878789,30.841363636363635,0.0,22,afternoon_charger
208,9.57516339869281,10.248366013071895,0.5981481481481481,9.991307189542484,0.0,153,morning_charger
209,13.941176470588236,14.705882352941176,0.7970588235294118,15.859411764705882,0.0,17,afternoon_charger
210,12.842105263157896,14.842105263157896,1.9464912280701754,6.815263157894737,0.15789473684210525,19,afternoon_charger
211,18.0,15.4,2.09,15.498,0.0,5,evening_charger
212,14.56140350877193,10.105263157894736,6.4786549707602346,46.2619298245614,0.0,57,afternoon_charger
213,14.75,15.175,0.54,9.64475,0.0,40,afternoon_charger
214,14.05,14.15,3.774166666666667,41.7025,0.05,20,afternoon_charger
215,13.952380952380953,15.761904761904763,1.880952380952381,14.331428571428571,0.0,21,afternoon_charger
216,16.912280701754387,9.578947368421053,8.278362573099415,46.05508771929824,0.08771929824561403,57,afternoon_charger
217,15.347826086956522,14.217391304347826,1.9746376811594202,21.76521739130435,0.043478260869565216,23,afternoon_charger
218,9.885714285714286,11.971428571428572,2.143333333333333,9.385142857142858,0.02857142857142857,35,morning_charger
219,10.130952380952381,14.380952380952381,5.598214285714286,10.255357142857143,0.5357142857142857,84,morning_charger
220,10.0,11.0,0.8333333333333334,5.59,0.0,1,morning_charger
221,9.0,11.0,2.0,13.47,0.0,1,morning_charger
222,11.173913043478262,11.652173913043478,0.6992753623188406,15.08695652173913,0.0,23,morning_charger
223,8.704225352112676,11.56338028169014,2.9082159624413144,16.020704225352112,0.028169014084507043,71,morning_charger
224,13.863636363636363,14.045454545454545,1.2393939393939393,17.90909090909091,0.0,22,afternoon_charger
225,9.5,10.5,1.0333333333333332,28.305,0.0,2,morning_charger
226,14.666666666666666,9.333333333333334,2.783333333333333,18.713333333333335,0.0,3,afternoon_charger
227,10.512195121951219,11.121951219512194,0.5416666666666666,16.75890243902439,0.0,82,morning_charger
228,12.237623762376238,12.900990099009901,0.678052805280528,21.52188118811881,0.0,101,afternoon_charger
229,7.329113924050633,9.848101265822784,2.475316455696203,17.60708860759494,0.012658227848101266,79,morning_charger
230,10.666666666666666,11.333333333333334,0.6422222222222221,13.046666666666669,0.0,30,morning_charger
231,8.36,9.2,0.8393333333333333,18.034000000000002,0.0,25,morning_charger
232,13.0,13.5,0.475,11.629999999999999,0.0,2,afternoon_charger
233,18.67105263157895,4.552631578947368,7.316447368421052,37.518815789473685,0.47368421052631576,76,evening_charger
234,18.0,10.0,4.391666666666667,30.915,0.0,2,evening_charger
235,16.89189189189189,11.64864864864865,4.476576576576576,33.972702702702705,0.02702702702702703,37,afternoon_charger
236,17.46153846153846,10.67032967032967,4.8157509157509155,32.8021978021978,0.03296703296703297,91,afternoon_charger
237,18.056338028169016,10.253521126760564,5.028638497652582,32.43225352112676,0.07042253521126761,71,evening_charger
238,16.88888888888889,16.555555555555557,2.433333333333333,8.321111111111112,0.0,9,afternoon_charger
239,16.23076923076923,16.153846153846153,0.8801282051282051,15.411923076923078,0.0,26,afternoon_charger
240,18.0,7.702702702702703,6.5671171171171165,40.93378378378378,0.08108108108108109,74,evening_charger
241,16.292397660818715,16.210526315789473,3.8445419103313836,10.553450292397661,0.7485380116959064,171,afternoon_charger
242,12.75,12.732142857142858,1.6949404761904763,16.995,0.08928571428571429,56,afternoon_charger
243,15.696969696969697,14.909090909090908,4.294444444444444,26.826060606060604,0.0,33,afternoon_charger
244,18.21311475409836,15.278688524590164,4.5150273224043715,28.345901639344262,0.06557377049180328,61,evening_charger
245,12.776923076923078,11.138461538461538,4.713846153846154,32.31684615384615,0.08461538461538462,130,afternoon_charger
246,16.31578947368421,16.5,1.4495614035087718,15.474210526315789,0.02631578947368421,38,afternoon_charger
247,17.12727272727273,17.945454545454545,0.8793939393939394,16.899454545454546,0.0,55,afternoon_charger
248,14.969696969696969,14.303030303030303,2.2262626262626264,14.011818181818182,0.0,33,afternoon_charger
250,16.818181818181817,17.363636363636363,0.6878787878787879,21.682727272727274,0.0,11,afternoon_charger
251,14.233333333333333,9.0,2.4794444444444443,19.867444444444445,0.0,90,afternoon_charger
252,15.666666666666666,15.38888888888889,0.9907407407407407,19.25611111111111,0.0,18,afternoon_charger
253,18.5,8.1875,3.1677083333333336,21.831875,0.0,16,evening_charger
254,12.8,13.6,0.8400000000000001,20.28,0.0,20,afternoon_charger
255,10.47787610619469,15.36283185840708,4.967846607669617,28.898318584070797,0.23008849557522124,113,morning_charger
256,16.181818181818183,17.21212121212121,1.8873737373737374,19.71393939393939,0.0,33,afternoon_charger
257,15.0,16.0,0.6666666666666666,2.3,0.0,1,afternoon_charger
258,14.583333333333334,14.625,3.117361111111111,10.719166666666666,0.20833333333333334,24,afternoon_charger
259,10.125,10.4375,0.503125,20.365624999999998,0.0,16,morning_charger
260,15.05,15.158333333333333,0.56875,17.974333333333334,0.0,120,afternoon_charger
261,12.340909090909092,12.977272727272727,1.7007575757575757,28.24909090909091,0.022727272727272728,44,afternoon_charger
262,13.27027027027027,16.054054054054053,2.754054054054054,18.756756756756758,0.0,37,afternoon_charger
263,13.15,14.7,1.4683333333333333,16.5335,0.0,20,afternoon_charger
265,12.74698795180723,13.566265060240964,1.6526104417670682,21.11578313253012,0.012048192771084338,83,afternoon_charger
266,11.61864406779661,13.372881355932204,1.7944915254237288,10.885169491525424,0.0,118,morning_charger
267,13.3,15.425,2.61375,33.583,0.05,40,afternoon_charger
268,13.789915966386555,14.487394957983193,0.7581232492997199,23.383529411764705,0.008403361344537815,119,afternoon_charger
269,13.5,15.0,1.2166666666666668,4.1899999999999995,0.0,4,afternoon_charger
270,13.947712418300654,12.483660130718954,6.664488017429194,28.878039215686275,0.3790849673202614,153,afternoon_charger
271,14.457142857142857,14.885714285714286,1.1576190476190475,18.002000000000002,0.0,35,afternoon_charger
272,9.885714285714286,12.514285714285714,2.609047619047619,9.168571428571427,0.0,35,morning_charger
273,15.8,16.6,0.9333333333333332,3.198,0.0,5,afternoon_charger
274,13.357142857142858,14.357142857142858,1.0964285714285713,20.217142857142857,0.0,14,afternoon_charger
275,13.5,14.166666666666666,0.5,22.439999999999998,0.0,6,afternoon_charger
276,16.473684210526315,16.666666666666668,0.7093567251461987,23.932280701754383,0.0,57,afternoon_charger
277,19.51851851851852,6.888888888888889,6.343827160493827,39.76259259259259,0.07407407407407407,27,evening_charger
278,12.289473684210526,14.868421052631579,4.521491228070175,30.41578947368421,0.0,38,afternoon_charger
279,13.661157024793388,14.24793388429752,0.5451790633608815,19.949338842975205,0.0,121,afternoon_charger
280,5.690721649484536,9.587628865979381,6.959965635738832,41.08288659793814,0.32989690721649484,97,night_charger
281,13.814814814814815,14.333333333333334,1.3598765432098767,17.58962962962963,0.037037037037037035,27,afternoon_charger
282,15.428571428571429,15.142857142857142,1.4410714285714286,49.29642857142857,0.0,28,afternoon_charger
283,15.4375,15.321428571428571,3.770386904761905,23.474732142857142,0.03571428571428571,112,afternoon_charger
284,13.636363636363637,14.636363636363637,0.8696969696969696,36.31909090909091,0.0,11,afternoon_charger
285,17.03370786516854,9.820224719101123,6.785580524344569,21.509213483146066,0.9101123595505618,89,afternoon_charger
286,16.272727272727273,15.227272727272727,2.223863636363636,15.922954545454546,0.09090909090909091,44,afternoon_charger
287,12.0,12.6875,0.5708333333333333,20.113125,0.0,32,afternoon_charger
288,1.0,7.0,6.5,45.92,0.0,1,night_charger
289,16.346938775510203,6.530612244897959,4.36734693877551,28.856122448979594,0.0,49,afternoon_charger
290,22.0,5.0,6.983333333333333,47.36,0.0,1,evening_charger
291,15.784090909090908,15.420454545454545,4.197348484848485,24.881704545454546,0.125,88,afternoon_charger
292,19.0,1.0,6.683333333333334,44.66,0.0,1,evening_charger
293,10.923728813559322,9.64406779661017,1.5478813559322033,15.416101694915254,0.0,118,morning_charger
294,17.055555555555557,9.555555555555555,6.5375,41.132777777777775,0.05555555555555555,36,afternoon_charger
295,14.142857142857142,15.714285714285714,1.4666666666666668,4.051428571428572,0.14285714285714285,7,afternoon_charger
296,20.0,20.666666666666668,0.5499999999999999,24.066666666666663,0.0,3,evening_charger
297,15.0,21.0,6.0,39.76,0.0,1,afternoon_charger
298,14.6,16.666666666666668,2.057777777777778,2.25,0.13333333333333333,15,afternoon_charger
299,15.0,16.333333333333332,1.3388888888888888,13.13,0.0,3,afternoon_charger
300,17.5,19.125,1.7270833333333333,6.225,0.0,8,afternoon_charger
301,16.243243243243242,16.82702702702703,0.5904504504504504,12.314864864864864,0.0,185,afternoon_charger
302,16.043478260869566,10.173913043478262,6.739130434782608,44.71739130434783,0.0,23,afternoon_charger
303,11.535714285714286,12.142857142857142,0.6202380952380953,33.792857142857144,0.0,28,morning_charger
304,14.633333333333333,14.566666666666666,2.320648148148148,8.144333333333334,0.0,180,afternoon_charger
305,18.0,11.0,5.233333333333333,31.595,0.5,2,evening_charger
306,15.333333333333334,17.0,1.8555555555555554,11.846666666666666,0.0,3,afternoon_charger
307,14.266666666666667,15.4,0.9577777777777778,38.77733333333333,0.0,15,afternoon_charger
308,16.666666666666668,18.333333333333332,1.5555555555555554,10.583333333333334,0.0,3,afternoon_charger
309,15.0,15.830769230769231,1.228205128205128,8.060307692307692,0.0,65,afternoon_charger
310,16.59090909090909,15.636363636363637,2.1257575757575755,13.93,0.0,22,afternoon_charger
311,12.333333333333334,14.0,1.55,5.68,0.0,3,afternoon_charger
312,15.161290322580646,14.774193548387096,5.841397849462365,22.798709677419353,0.25806451612903225,31,afternoon_charger
313,13.693877551020408,14.10204081632653,0.7039115646258504,25.077653061224492,0.0,98,afternoon_charger
314,13.5,15.5,1.75,6.34,0.0,2,afternoon_charger
315,14.0,14.0,0.5666666666666667,30.54,0.0,1,afternoon_charger
316,13.5,14.5,1.3166666666666667,4.8,0.0,2,afternoon_charger
317,16.927710843373493,8.759036144578314,5.771686746987952,36.53120481927711,0.03614457831325301,83,afternoon_charger
318,11.423076923076923,13.076923076923077,1.6153846153846154,31.842692307692307,0.0,26,morning_charger
319,14.666666666666666,15.166666666666666,0.6749999999999999,10.215,0.0,6,afternoon_charger
320,14.0,14.571428571428571,0.8047619047619048,36.220000000000006,0.0,7,afternoon_charger
321,12.0,12.0,0.016666666666666666,1.5,0.0,1,afternoon_charger
322,16.2,15.75,1.8891666666666667,14.416,0.05,20,afternoon_charger
323,17.933333333333334,10.466666666666667,6.738888888888889,45.559999999999995,0.0,15,afternoon_charger
324,9.529850746268657,11.447761194029852,1.8997512437810944,6.693432835820896,0.0,134,morning_charger
325,15.375,10.875,3.0953125,19.5578125,0.0,32,afternoon_charger
326,12.215686274509803,12.745098039215685,0.5532679738562091,23.879019607843137,0.0,51,afternoon_charger
327,7.5,8.0,0.4083333333333333,17.3425,0.0,4,morning_charger
328,10.0,13.0,3.15,20.9,0.0,4,morning_charger
329,16.50632911392405,11.873417721518987,6.621940928270042,47.911265822784806,0.0759493670886076,79,afternoon_charger
330,14.285714285714286,13.904761904761905,4.228571428571429,32.3947619047619,0.047619047619047616,21,afternoon_charger
331,16.514285714285716,15.314285714285715,2.17,16.369714285714288,0.11428571428571428,35,afternoon_charger
332,17.0,23.0,6.283333333333333,41.96,0.0,1,afternoon_charger
333,15.0,15.0625,0.8203125,15.38125,0.0,32,afternoon_charger
334,18.130434782608695,17.652173913043477,1.727536231884058,44.12217391304348,0.0,23,evening_charger
335,12.5,15.5,2.458333333333333,16.675,0.0,2,afternoon_charger
336,15.404255319148936,16.06382978723404,0.6120567375886524,41.132553191489365,0.0,47,afternoon_charger
338,19.0,20.0,1.25,8.55,0.0,1,evening_charger
339,15.789473684210526,17.228070175438596,1.7830409356725148,23.51438596491228,0.0,57,afternoon_charger
340,15.0,16.677419354838708,2.5935483870967744,24.938064516129035,0.0,31,afternoon_charger
341,19.333333333333332,21.333333333333332,2.3111111111111113,13.5,0.0,3,evening_charger
342,12.75,14.25,1.5375,5.4475,0.0,4,afternoon_charger
343,14.376623376623376,15.428571428571429,1.6731601731601733,5.605194805194805,0.1038961038961039,77,afternoon_charger
345,13.666666666666666,14.461538461538462,0.7952991452991452,15.830512820512821,0.0,39,afternoon_charger
346,13.369565217391305,16.47826086956522,3.0090579710144927,6.777391304347826,0.30434782608695654,46,afternoon_charger
347,15.0,15.0,0.18333333333333332,1.3,0.0,1,afternoon_charger
348,16.444444444444443,15.222222222222221,1.4222222222222223,8.777777777777779,0.0,9,afternoon_charger
349,15.157894736842104,13.605263157894736,1.557456140350877,16.661315789473683,0.0,38,afternoon_charger
350,15.178571428571429,14.928571428571429,0.5672619047619047,22.290714285714284,0.0,28,afternoon_charger
351,11.090909090909092,9.181818181818182,4.737878787878788,25.89636363636364,0.09090909090909091,11,morning_charger
352,14.146341463414634,14.682926829268293,0.5134146341463415,10.600975609756098,0.0,41,afternoon_charger
353,16.181818181818183,7.090909090909091,8.450000000000001,55.68954545454546,0.0,22,afternoon_charger
354,17.7,10.316666666666666,4.994166666666667,32.642833333333336,0.0,60,afternoon_charger
355,6.5,7.166666666666667,0.3444444444444445,8.273333333333333,0.0,6,morning_charger
356,14.132231404958677,13.413223140495868,1.8393939393939394,8.664545454545456,0.01652892561983471,121,afternoon_charger
357,15.0,13.321428571428571,1.7410714285714286,32.692142857142855,0.017857142857142856,56,afternoon_charger
358,9.5,1.0,3.4416666666666664,23.439999999999998,0.0,2,morning_charger
359,16.0,12.192307692307692,2.616025641025641,23.12769230769231,0.19230769230769232,26,afternoon_charger
360,18.75,6.5,5.904166666666667,41.364999999999995,0.0,4,evening_charger
361,19.0,21.5,3.3,20.935000000000002,0.0,2,evening_charger
362,16.824074074074073,12.074074074074074,2.057638888888889,15.215694444444445,0.004629629629629629,216,afternoon_charger
363,17.2,14.6,4.5633333333333335,31.043,0.0,10,afternoon_charger
364,13.0,18.0,4.888888888888888,28.733333333333334,0.0,3,afternoon_charger
365,13.0,14.5,2.091666666666667,23.75,0.0,2,afternoon_charger
366,17.0,18.0,0.6833333333333333,3.21,0.0,1,afternoon_charger
367,12.304347826086957,14.391304347826088,2.2181159420289855,25.307608695652174,0.021739130434782608,46,afternoon_charger
368,17.12,17.2,2.0593333333333335,4.312,0.08,25,afternoon_charger
369,14.617647058823529,15.088235294117647,0.6446078431372549,34.40529411764706,0.0,34,afternoon_charger
370,12.398058252427184,8.398058252427184,3.9365695792880255,30.892038834951457,0.0,103,afternoon_charger
371,13.4,15.08,2.6833333333333336,6.1728,0.08,25,afternoon_charger
372,11.75,14.5,2.6208333333333336,9.25,0.0,4,morning_charger
373,14.40625,15.25,0.7447916666666666,17.3809375,0.0,32,afternoon_charger
374,11.25,12.75,1.3062500000000001,29.618125,0.0,16,morning_charger
375,17.0,15.270833333333334,5.2875,31.558333333333334,0.14583333333333334,48,afternoon_charger
376,8.0,10.357142857142858,2.4892857142857143,15.194999999999999,0.0,14,morning_charger
378,12.127272727272727,14.89090909090909,3.2178787878787882,22.917272727272728,0.0,55,afternoon_charger
379,12.61111111111111,14.027777777777779,1.4231481481481483,9.305277777777778,0.0,36,afternoon_charger
380,13.333333333333334,13.833333333333334,0.2388888888888889,8.843333333333332,0.0,6,afternoon_charger
381,14.083333333333334,14.416666666666666,0.3680555555555556,13.045,0.0,12,afternoon_charger
382,12.0,7.333333333333333,3.244444444444445,29.95,0.0,3,afternoon_charger
383,15.166666666666666,13.875,2.009722222222222,11.403055555555556,0.041666666666666664,72,afternoon_charger
384,17.5,11.0,6.075,31.195,0.5,2,afternoon_charger
385,12.893333333333333,13.093333333333334,2.6644444444444444,7.676000000000001,0.28,75,afternoon_charger
386,10.142857142857142,16.571428571428573,6.354761904761905,45.14857142857143,0.0,14,morning_charger
387,13.75,7.5,5.829166666666667,39.769999999999996,0.0,4,afternoon_charger
388,18.233333333333334,6.0,8.512222222222222,47.169333333333334,0.5,30,evening_charger
389,12.692307692307692,11.673076923076923,2.243269230769231,33.074230769230766,0.0,52,afternoon_charger
390,16.074074074074073,8.62962962962963,3.786008230452675,27.224074074074075,0.0,81,afternoon_charger
391,15.36111111111111,7.416666666666667,5.973611111111111,38.20402777777778,0.041666666666666664,72,afternoon_charger
392,16.0,2.6666666666666665,2.8777777777777778,19.26,0.0,3,afternoon_charger
393,17.0,8.5,3.625,23.65,0.0,2,afternoon_charger
394,21.0,22.5,1.5416666666666665,55.864999999999995,0.0,2,evening_charger
395,19.0,22.0,3.283333333333333,22.3,0.0,1,evening_charger
396,14.04,14.893333333333333,1.1286666666666667,12.382666666666667,0.0,75,afternoon_charger
397,18.0,21.0,2.933333333333333,19.58,0.0,1,evening_charger
398,12.0,13.0,0.8666666666666667,3.12,0.0,1,afternoon_charger
399,13.285714285714286,16.857142857142858,3.561904761904762,25.797142857142855,0.0,7,afternoon_charger
400,14.333333333333334,15.0,0.9500000000000001,29.66,0.0,6,afternoon_charger
401,14.95890410958904,17.205479452054796,2.2872146118721464,15.642602739726028,0.0,73,afternoon_charger
402,16.0,16.523809523809526,0.6626984126984127,24.149047619047618,0.0,21,afternoon_charger
403,15.417721518987342,13.620253164556962,4.927004219409283,30.475949367088607,0.0379746835443038,79,afternoon_charger
404,15.5,18.5,2.9166666666666665,19.939999999999998,0.0,2,afternoon_charger
405,14.0,14.263157894736842,4.109649122807017,37.398421052631576,0.10526315789473684,19,afternoon_charger
406,16.333333333333332,17.833333333333332,3.6958333333333333,25.223333333333333,0.0,12,afternoon_charger
407,12.981818181818182,13.854545454545455,0.8727272727272727,15.608,0.0,55,afternoon_charger
408,18.0,19.0,0.6611111111111111,44.75666666666667,0.0,3,evening_charger
409,7.689655172413793,13.931034482758621,5.99367816091954,42.2603448275862,0.0,29,morning_charger
410,9.717391304347826,12.695652173913043,2.895289855072464,10.080652173913043,0.021739130434782608,46,morning_charger
411,5.0,13.0,8.15,53.6,0.0,1,night_charger
412,14.185185185185185,13.074074074074074,0.7092592592592593,11.982222222222221,0.0,27,afternoon_charger
413,13.909090909090908,14.579545454545455,0.5670454545454545,23.517954545454543,0.0,88,afternoon_charger
414,13.75,14.25,0.7666666666666666,31.736666666666668,0.0,12,afternoon_charger
415,10.71875,15.0,4.169791666666667,28.85625,0.0,32,morning_charger
416,15.176470588235293,14.176470588235293,1.834313725490196,17.123823529411766,0.058823529411764705,34,afternoon_charger
417,14.666666666666666,15.833333333333334,1.05,3.5766666666666667,0.0,6,afternoon_charger
418,8.272727272727273,8.984848484848484,0.6252525252525253,20.68287878787879,0.0,66,morning_charger
419,6.75,10.541666666666666,3.4756944444444446,12.290416666666665,0.20833333333333334,24,morning_charger
420,15.457142857142857,15.257142857142858,1.3342857142857143,10.969999999999999,0.11428571428571428,35,afternoon_charger
421,10.277777777777779,10.944444444444445,0.5638888888888889,25.409444444444446,0.0,18,morning_charger
422,16.323943661971832,12.56338028169014,6.48169014084507,43.077323943661966,0.0,71,afternoon_charger
423,12.608108108108109,13.027027027027026,0.7038288288288289,19.438513513513513,0.0,74,afternoon_charger
424,15.038461538461538,15.692307692307692,0.6754273504273504,29.25346153846154,0.0,78,afternoon_charger
425,14.573529411764707,15.735294117647058,1.6642156862745099,17.7275,0.0,68,afternoon_charger
426,13.791666666666666,15.166666666666666,1.4979166666666668,19.597083333333334,0.0,24,afternoon_charger
427,13.25925925925926,13.88888888888889,0.682716049382716,23.741481481481483,0.0,27,afternoon_charger
428,17.0,17.608695652173914,0.5869565217391305,17.343260869565217,0.0,46,afternoon_charger
429,16.5,17.25,0.8875,17.1175,0.0,4,afternoon_charger
430,19.0,20.0,1.3666666666666667,4.87,0.0,1,evening_charger
431,16.1981981981982,16.55855855855856,0.5936936936936937,13.137117117117118,0.0,111,afternoon_charger
432,16.266666666666666,16.733333333333334,0.58,19.895333333333333,0.0,15,afternoon_charger
433,13.333333333333334,14.166666666666666,0.8208333333333333,38.1925,0.0,12,afternoon_charger
434,14.625,16.15972222222222,1.475810185185185,10.454236111111111,0.0,144,afternoon_charger
435,14.65,15.85,1.2783333333333333,5.6445,0.1,20,afternoon_charger
436,13.454545454545455,14.493506493506494,0.9510822510822511,3.418311688311688,0.0,77,afternoon_charger
437,14.064516129032258,14.741935483870968,0.560752688172043,19.861612903225808,0.0,31,afternoon_charger
438,14.666666666666666,16.0,1.3888888888888886,6.6499999999999995,0.0,3,afternoon_charger
439,12.732824427480915,15.717557251908397,3.1108142493638677,26.125267175572517,0.030534351145038167,131,afternoon_charger
440,10.6,11.4,0.7233333333333333,17.990000000000002,0.0,5,morning_charger
441,7.3,7.9,0.5366666666666666,26.020999999999997,0.0,10,morning_charger
442,12.5,14.0,7.608333333333333,29.7825,0.25,4,afternoon_charger
443,15.700636942675159,15.961783439490446,0.5726114649681529,11.99343949044586,0.0,157,afternoon_charger
444,9.666666666666666,12.8,3.0722222222222224,18.73,0.0,15,morning_charger
445,17.0,9.0,16.0,12.08,1.0,1,afternoon_charger
446,10.666666666666666,11.666666666666666,0.7277777777777779,20.333333333333332,0.0,3,morning_charger
447,13.5,14.088235294117647,0.5808823529411765,21.328235294117647,0.0,34,afternoon_charger
448,10.007462686567164,10.604477611940299,0.8258706467661692,17.666044776119403,0.007462686567164179,134,morning_charger
449,5.019607843137255,7.294117647058823,2.3209150326797383,12.515490196078431,0.0,51,night_charger
450,16.761194029850746,6.7164179104477615,6.1338308457711435,42.2789552238806,0.0,67,afternoon_charger
451,20.5,11.5,3.075,19.985,0.0,2,evening_charger
452,15.493150684931507,10.493150684931507,3.583333333333333,25.49,0.0,73,afternoon_charger
453,16.128205128205128,16.94871794871795,3.9649572649572646,26.92717948717949,0.0,39,afternoon_charger
454,15.428571428571429,17.857142857142858,2.5095238095238095,8.985714285714286,0.0,7,afternoon_charger
455,18.160714285714285,16.285714285714285,3.5014880952380953,11.119285714285713,0.8392857142857143,56,evening_charger
456,13.5,14.0,0.42500000000000004,29.66,0.0,2,afternoon_charger
457,16.22222222222222,17.72222222222222,2.8333333333333335,11.788333333333334,0.1111111111111111,18,afternoon_charger
458,12.5,15.4,3.9975,26.234499999999997,0.0,20,afternoon_charger
459,17.0,18.0,0.6666666666666666,16.9,0.0,1,afternoon_charger
460,10.977272727272727,16.522727272727273,5.551893939393939,36.593636363636364,0.022727272727272728,44,morning_charger
461,18.263157894736842,10.035087719298245,3.994736842105263,26.52315789473684,0.03508771929824561,57,evening_charger
462,19.333333333333332,20.333333333333332,0.7777777777777777,44.443333333333335,0.0,3,evening_charger
463,8.993055555555555,10.652777777777779,1.645138888888889,5.663055555555555,0.0,144,morning_charger
464,15.20754716981132,15.415094339622641,0.4688679245283019,18.185849056603775,0.0,53,afternoon_charger
465,12.0,13.0,0.6666666666666666,9.51,0.0,1,afternoon_charger
466,12.9875,13.65,0.6158333333333333,26.629624999999997,0.0,80,afternoon_charger
467,15.693877551020408,9.938775510204081,4.52891156462585,27.285714285714285,0.04081632653061224,49,afternoon_charger
468,17.0,17.0,0.08333333333333333,3.83,0.0,1,afternoon_charger
469,13.692307692307692,15.128205128205128,1.4867521367521368,15.916410256410257,0.0,39,afternoon_charger
470,14.0,16.0,1.9,12.96,0.0,1,afternoon_charger
471,13.25,13.875,0.5291666666666667,16.865000000000002,0.0,8,afternoon_charger
472,17.0,7.578947368421052,5.621052631578947,36.23684210526316,0.0,19,afternoon_charger
473,14.166666666666666,11.0,3.8597222222222225,31.889166666666668,0.041666666666666664,24,afternoon_charger
474,15.0,14.9,1.0858333333333332,14.03025,0.0,40,afternoon_charger
475,18.285714285714285,16.142857142857142,1.307142857142857,21.01571428571429,0.0,7,evening_charger
476,13.295454545454545,13.045454545454545,0.4231060606060606,14.394545454545455,0.0,44,afternoon_charger
477,15.0,16.0,0.5833333333333334,14.6,0.0,1,afternoon_charger
478,12.857142857142858,13.857142857142858,1.0380952380952382,5.347142857142857,0.0,7,afternoon_charger
479,15.951219512195122,14.878048780487806,2.5325203252032518,19.207560975609756,0.0975609756097561,41,afternoon_charger
480,10.333333333333334,13.0,2.288888888888889,15.526666666666666,0.0,3,morning_charger
481,16.341463414634145,10.195121951219512,5.5,33.930243902439024,0.14634146341463414,41,afternoon_charger
482,14.176470588235293,12.941176470588236,2.903921568627451,20.25470588235294,0.0,17,afternoon_charger
483,18.0,0.0,5.333333333333333,35.06,0.0,1,evening_charger
484,16.162790697674417,14.372093023255815,2.622093023255814,8.854883720930232,0.0,43,afternoon_charger
485,17.5,18.0,0.15000000000000002,6.710000000000001,0.0,2,afternoon_charger
486,15.4,16.228571428571428,0.6338095238095238,25.246285714285715,0.0,35,afternoon_charger
487,15.0,16.444444444444443,1.4425925925925926,5.609999999999999,0.0,9,afternoon_charger
488,13.4,14.0,0.45999999999999996,18.832,0.0,5,afternoon_charger
489,12.0,14.0,1.3333333333333333,7.6,0.0,1,afternoon_charger
490,14.0,15.764705882352942,1.7294117647058822,8.899411764705881,0.058823529411764705,17,afternoon_charger
491,14.4,16.8,2.4633333333333334,16.41,0.0,5,afternoon_charger
492,12.712121212121213,14.924242424242424,2.903787878787879,20.967727272727274,0.0,66,afternoon_charger
493,15.0,18.25,3.2138888888888886,32.119166666666665,0.0,12,afternoon_charger
494,21.0,4.0,7.016666666666667,47.41,0.0,1,evening_charger
495,7.5,10.5,2.833333333333333,19.15,0.0,2,morning_charger
496,16.88888888888889,13.555555555555555,2.937654320987654,17.778518518518517,0.18518518518518517,27,afternoon_charger
497,11.166666666666666,11.766666666666667,0.6683333333333333,32.039,0.0,30,morning_charger
498,14.533333333333333,15.2,0.5177777777777778,19.62933333333333,0.0,15,afternoon_charger
499,17.0,18.0,0.55,35.9,0.0,1,afternoon_charger
500,17.0,17.53846153846154,0.5256410256410257,18.163076923076922,0.0,13,afternoon_charger
501,16.0,17.0,1.2333333333333334,7.79,0.0,1,afternoon_charger
502,14.8,16.0,0.86,2.526,0.0,5,afternoon_charger
503,13.409090909090908,14.727272727272727,1.3962121212121212,4.530454545454545,0.0,22,afternoon_charger
504,20.333333333333332,12.666666666666666,8.25,30.98,0.6666666666666666,3,evening_charger
505,10.0,10.0,0.1,3.59,0.0,1,morning_charger
506,19.0,3.4,8.440000000000001,43.012,0.6,5,evening_charger
507,17.293333333333333,8.933333333333334,5.918444444444444,42.547066666666666,0.013333333333333334,75,afternoon_charger
508,15.565217391304348,16.17391304347826,2.658695652173913,20.80391304347826,0.0,23,afternoon_charger
510,12.457142857142857,12.685714285714285,4.4957142857142856,9.355714285714285,0.5142857142857142,35,afternoon_charger
511,14.0,15.352941176470589,1.4441176470588235,9.638235294117647,0.0,17,afternoon_charger
512,14.805555555555555,14.972222222222221,1.5671296296296295,21.274166666666666,0.0,36,afternoon_charger
513,16.95,5.7,6.751666666666667,46.5755,0.0,20,afternoon_charger
514,12.91891891891892,14.945945945945946,1.9752252252252251,13.34108108108108,0.0,37,afternoon_charger
515,14.846153846153847,14.846153846153847,0.883974358974359,10.17153846153846,0.0,26,afternoon_charger
516,12.9,13.3,0.3433333333333334,6.483,0.0,10,afternoon_charger
517,13.75,14.6,0.9175000000000001,27.754,0.0,20,afternoon_charger
518,5.5,7.5,1.8499999999999999,12.1725,0.0,4,night_charger
519,14.666666666666666,17.0,2.1666666666666665,10.703333333333333,0.0,3,afternoon_charger
520,16.125,18.0,1.89375,11.27375,0.0,8,afternoon_charger
521,9.0,9.0,0.5,3.59,0.0,1,morning_charger
522,10.666666666666666,12.333333333333334,1.7833333333333332,20.836666666666666,0.0,3,morning_charger
523,7.0,7.0,0.6333333333333333,25.34,0.0,1,morning_charger
524,20.0,7.0,11.116666666666667,50.94,1.0,1,evening_charger
525,15.736842105263158,13.68421052631579,5.448245614035088,6.341578947368421,0.42105263157894735,19,afternoon_charger
526,21.5,3.5,5.708333333333334,37.915,0.0,2,evening_charger
527,14.344827586206897,8.379310344827585,2.2623563218390803,7.989310344827586,0.0,58,afternoon_charger
528,20.4,5.2,5.801111111111111,40.07533333333333,0.03333333333333333,30,evening_charger
529,21.0,1.0,4.166666666666667,27.23,0.0,1,evening_charger
530,20.0,0.0,3.85,25.42,0.0,1,evening_charger
531,22.0,23.0,1.25,8.49,0.0,1,evening_charger
532,18.5,20.166666666666668,1.5694444444444444,10.465,0.0,6,evening_charger
533,13.714285714285714,13.428571428571429,2.9095238095238094,10.005714285714287,0.0,7,afternoon_charger
534,17.6,15.6,2.993333333333333,9.152,0.2,5,afternoon_charger
535,15.0,21.0,6.316666666666666,43.98,0.0,1,afternoon_charger
536,21.0,19.714285714285715,0.555952380952381,22.457857142857144,0.0,14,evening_charger
537,16.0,9.571428571428571,7.454761904761904,50.785714285714285,0.0,7,afternoon_charger
538,14.25,16.0,1.9833333333333334,13.01,0.0,4,afternoon_charger
539,18.6,15.8,2.0799999999999996,28.416000000000004,0.0,10,evening_charger
540,15.4,15.8,0.4033333333333333,20.568,0.0,5,afternoon_charger
541,15.28,17.16,1.716,8.7444,0.0,25,afternoon_charger
542,13.5,16.5,2.9166666666666665,15.815000000000001,0.0,2,afternoon_charger
543,16.8,11.2,4.220000000000001,28.604000000000003,0.0,5,afternoon_charger
544,15.0,16.0,1.1916666666666667,46.980000000000004,0.0,2,afternoon_charger
545,13.542857142857143,14.028571428571428,0.3261904761904762,10.405999999999999,0.0,35,afternoon_charger
546,13.666666666666666,14.666666666666666,0.9222222222222222,18.150000000000002,0.0,3,afternoon_charger
547,14.052631578947368,15.894736842105264,1.8736842105263158,6.884736842105263,0.10526315789473684,19,afternoon_charger
548,12.0,14.0,2.316666666666667,8.6,0.0,1,afternoon_charger
549,14.5,15.7,1.1066666666666667,17.049,0.0,10,afternoon_charger
550,13.0,13.0,0.11666666666666667,0.77,0.0,1,afternoon_charger
551,10.0,12.0,2.216666666666667,14.86,0.0,1,morning_charger
553,13.0,13.806451612903226,0.8838709677419354,7.316129032258065,0.03225806451612903,31,afternoon_charger
554,12.62962962962963,13.592592592592593,0.774074074074074,19.37,0.0,27,afternoon_charger
555,16.5,7.5,14.341666666666669,25.005,1.0,2,afternoon_charger
556,17.333333333333332,11.0,9.655555555555557,48.53,0.3333333333333333,3,afternoon_charger
557,13.909090909090908,11.0,1.4424242424242424,24.586363636363636,0.0,11,afternoon_charger
558,14.846153846153847,14.307692307692308,1.305128205128205,2.8230769230769233,0.07692307692307693,13,afternoon_charger
559,16.0,0.0,7.55,51.59,0.0,1,afternoon_charger
560,14.461538461538462,15.538461538461538,1.1487179487179486,6.993076923076923,0.0,13,afternoon_charger
561,12.5,15.0,2.466666666666667,8.655,0.0,2,afternoon_charger
562,13.466666666666667,14.266666666666667,0.6644444444444445,24.074,0.0,15,afternoon_charger
563,14.0,15.0,0.6166666666666667,26.03,0.0,1,afternoon_charger
564,12.8,13.6,1.0866666666666667,22.119999999999997,0.0,5,afternoon_charger
565,14.333333333333334,15.333333333333334,0.8999999999999999,3.6466666666666665,0.0,3,afternoon_charger
566,0.5,6.0,5.358333333333333,36.99,0.0,2,night_charger
567,19.571428571428573,11.285714285714286,5.34047619047619,26.9,0.42857142857142855,7,evening_charger
568,16.375,13.875,0.49583333333333335,12.862499999999999,0.0,8,afternoon_charger
569,16.5,18.0,1.7750000000000001,12.33,0.0,2,afternoon_charger
570,19.0,20.0,0.7333333333333333,28.12,0.0,1,evening_charger
571,16.0,14.588235294117647,1.3970588235294117,18.068823529411766,0.058823529411764705,17,afternoon_charger
572,12.9,10.3,4.6850000000000005,10.818000000000001,0.4,10,afternoon_charger
573,14.0,14.857142857142858,0.8595238095238095,24.25857142857143,0.0,7,afternoon_charger
574,13.4,13.88,0.5373333333333333,21.421999999999997,0.0,25,afternoon_charger
575,10.615384615384615,11.384615384615385,0.8500000000000001,5.767692307692308,0.0,13,morning_charger
576,14.0,15.0,0.7833333333333334,19.055999999999997,0.0,5,afternoon_charger
577,13.0,15.0,1.9083333333333332,41.995000000000005,0.0,2,afternoon_charger
578,22.0,6.0,8.0,53.31,0.0,1,evening_charger
579,17.0,13.785714285714286,3.419047619047619,23.13357142857143,0.07142857142857142,14,afternoon_charger
580,23.0,4.0,4.866666666666666,33.02,0.0,1,evening_charger
581,20.5,11.0,2.4416666666666664,17.05,0.0,2,evening_charger
582,14.232876712328768,14.465753424657533,0.5837899543378996,18.06150684931507,0.0136986301369863,73,afternoon_charger
583,15.6,16.0,0.5566666666666666,20.606,0.0,5,afternoon_charger
584,15.4,16.2,0.9366666666666668,7.864,0.0,5,afternoon_charger
585,16.0,17.0,0.9366666666666668,7.2620000000000005,0.0,5,afternoon_charger
586,13.5,14.666666666666666,1.3083333333333333,3.8350000000000004,0.16666666666666666,6,afternoon_charger
587,13.0,14.0,1.2833333333333334,8.7,0.0,1,afternoon_charger
590,20.5,1.0,4.291666666666666,28.355,0.0,2,evening_charger
591,17.0,1.0,7.516666666666667,50.67,0.0,1,afternoon_charger
592,20.0,20.0,0.3416666666666667,12.225000000000001,0.0,2,evening_charger
594,14.76923076923077,16.138461538461538,4.371538461538461,25.964615384615385,0.0,65,afternoon_charger
596,16.666666666666668,18.333333333333332,1.7166666666666668,5.9366666666666665,0.0,3,afternoon_charger
597,10.142857142857142,11.285714285714286,1.1214285714285714,3.8314285714285714,0.0,7,morning_charger
598,14.0,17.097560975609756,4.160569105691057,27.318780487804876,0.024390243902439025,41,afternoon_charger
599,12.552631578947368,13.657894736842104,1.7048245614035087,13.867894736842105,0.02631578947368421,38,afternoon_charger
600,11.0,12.0,0.55,17.275,0.0,2,morning_charger
601,8.0,8.0,0.31666666666666665,14.65,0.0,1,morning_charger
602,22.0,7.0,9.316666666666666,60.02,0.0,1,evening_charger
603,18.058823529411764,8.176470588235293,6.362254901960784,42.70058823529411,0.029411764705882353,34,evening_charger
604,22.0,2.0,3.283333333333333,21.13,0.0,1,evening_charger
605,18.0,18.5,0.5333333333333334,5.1450000000000005,0.0,2,evening_charger
606,13.625,14.0,0.5729166666666666,23.36625,0.0,8,afternoon_charger
607,14.0,15.666666666666666,1.738888888888889,6.226666666666667,0.0,3,afternoon_charger
608,15.666666666666666,16.0,0.33888888888888885,18.00333333333333,0.0,3,afternoon_charger
609,11.5,12.0,0.4694444444444444,16.653333333333332,0.0,6,morning_charger
610,12.333333333333334,13.666666666666666,1.3888888888888886,8.71,0.0,3,afternoon_charger
611,13.285714285714286,13.607142857142858,1.0446428571428572,28.05857142857143,0.0,28,afternoon_charger
612,14.5,16.25,1.3583333333333334,22.9275,0.0,4,afternoon_charger
613,10.0,12.0,1.3666666666666667,9.3,0.0,1,morning_charger
614,8.666666666666666,9.666666666666666,0.7888888888888889,15.703333333333333,0.0,3,morning_charger
615,13.206896551724139,13.96551724137931,0.7114942528735632,13.653793103448276,0.0,29,afternoon_charger
616,4.0,5.0,0.36666666666666664,31.63,0.0,1,night_charger
618,17.0,2.0,8.283333333333333,58.29,0.0,1,afternoon_charger
620,20.0,23.0,2.9166666666666665,19.68,0.0,1,evening_charger
621,12.88888888888889,13.777777777777779,0.9500000000000001,11.76,0.0,9,afternoon_charger
622,17.0,19.0,1.5,7.22,0.0,1,afternoon_charger
623,14.0,14.4,0.5733333333333334,16.522,0.0,5,afternoon_charger
624,19.0,20.0,0.6166666666666667,3.48,0.0,1,evening_charger
625,15.0,15.0,0.2833333333333333,1.97,0.0,1,afternoon_charger
626,15.0,17.0,2.2666666666666666,8.23,0.0,1,afternoon_charger
627,12.203592814371257,14.874251497005988,2.73313373253493,9.55622754491018,0.1317365269461078,167,afternoon_charger
628,11.083333333333334,12.416666666666666,1.3416666666666668,9.5275,0.0,12,morning_charger
629,19.0,6.0,10.283333333333333,32.8,1.0,1,evening_charger
630,21.0,13.0,4.083333333333333,26.85,0.0,2,evening_charger
631,10.3,11.9,1.4666666666666668,9.988,0.1,10,morning_charger
632,18.0,1.0,7.583333333333333,29.97,1.0,1,evening_charger
633,18.714285714285715,12.0,3.5357142857142856,23.194285714285712,0.0,7,evening_charger
634,17.130434782608695,11.41304347826087,5.757608695652174,38.61391304347826,0.021739130434782608,46,afternoon_charger
635,16.0,17.0,0.6666666666666666,29.39,0.0,1,afternoon_charger
636,14.735294117647058,15.294117647058824,2.631372549019608,15.977941176470589,0.08823529411764706,34,afternoon_charger
637,17.0,17.333333333333332,0.5444444444444444,18.98,0.0,3,afternoon_charger
638,13.0,13.0,0.4666666666666667,57.63,0.0,1,afternoon_charger
639,13.0,14.0,0.36666666666666664,12.4,0.0,1,afternoon_charger
640,13.857142857142858,11.857142857142858,1.638095238095238,5.672857142857143,0.0,7,afternoon_charger
641,12.5,12.5,0.5333333333333333,24.939999999999998,0.0,2,afternoon_charger
642,14.25,15.0,0.5083333333333333,17.6275,0.0,8,afternoon_charger
643,13.818181818181818,13.454545454545455,1.7303030303030302,17.277727272727272,0.045454545454545456,22,afternoon_charger
644,18.0,0.0,6.483333333333333,43.53,0.0,1,evening_charger
645,13.272727272727273,12.181818181818182,3.066666666666667,18.83818181818182,0.0,11,afternoon_charger
646,17.75,20.25,2.725,18.235,0.0,4,afternoon_charger
647,19.0,20.0,0.6833333333333333,26.28,0.0,1,evening_charger
651,6.5,8.5,1.9500000000000002,12.49,0.0,2,morning_charger
652,20.0,12.5,4.258333333333334,27.209999999999997,0.0,2,evening_charger
653,0.0,3.0,3.033333333333333,21.74,0.0,1,night_charger
655,20.0,11.5,3.4916666666666667,23.365000000000002,0.0,2,evening_charger
656,14.0,15.0,0.95,20.72,0.0,1,afternoon_charger
657,12.703703703703704,13.11111111111111,3.54537037037037,11.955925925925927,0.018518518518518517,54,afternoon_charger
658,15.303030303030303,15.393939393939394,1.5974747474747475,12.870606060606061,0.09090909090909091,33,afternoon_charger
659,9.5,11.5,2.1166666666666667,15.004999999999999,0.0,2,morning_charger
660,10.0,11.0,1.0666666666666667,7.23,0.0,1,morning_charger
661,7.0,10.0,3.533333333333333,12.44,0.0,1,morning_charger
662,11.428571428571429,12.785714285714286,1.2892857142857144,13.39,0.0,14,morning_charger
663,12.782608695652174,14.043478260869565,1.2695652173913046,24.367391304347827,0.0,23,afternoon_charger
664,18.0,22.0,3.816666666666667,26.12,0.0,2,evening_charger
665,17.0,20.0,3.0,19.69,0.0,1,afternoon_charger
666,16.625,16.875,0.19374999999999998,1.19625,0.0,8,afternoon_charger
667,15.307692307692308,16.76923076923077,1.5307692307692307,6.84,0.07692307692307693,13,afternoon_charger
668,11.88888888888889,13.148148148148149,1.206172839506173,24.651481481481483,0.0,27,morning_charger
669,11.0,12.0,0.6666666666666666,29.9,0.0,1,morning_charger
670,15.0,16.0,1.1833333333333333,23.143333333333334,0.0,3,afternoon_charger
671,14.392857142857142,14.875,0.49226190476190473,16.511785714285715,0.0,56,afternoon_charger
672,18.0,0.0,6.033333333333333,40.05,0.0,1,evening_charger
673,16.0,17.0,0.7166666666666667,4.71,0.0,1,afternoon_charger
674,10.0,10.0,0.3333333333333333,12.58,0.0,1,morning_charger
675,18.0,1.0,7.033333333333333,45.12,0.0,1,evening_charger
676,10.5,11.875,4.222916666666666,14.28875,0.625,8,morning_charger
677,17.0,23.0,5.366666666666666,35.19,0.0,1,afternoon_charger
678,15.0,22.0,7.216666666666667,46.83,0.0,1,afternoon_charger
679,18.0,19.0,0.5833333333333334,18.01,0.0,1,evening_charger
680,15.0,18.0,2.4,7.42,0.0,1,afternoon_charger
681,12.23076923076923,15.115384615384615,3.851923076923077,27.38576923076923,0.0,26,afternoon_charger
682,11.666666666666666,14.666666666666666,2.6944444444444446,15.266666666666667,0.0,3,morning_charger
684,13.5,14.333333333333334,0.7459876543209876,5.256296296296296,0.0,54,afternoon_charger
685,9.0,10.0,1.5166666666666666,3.58,0.0,1,morning_charger
686,17.75,8.5,8.7625,59.762499999999996,0.0,4,afternoon_charger
687,20.0,20.0,0.20833333333333334,0.405,0.0,2,evening_charger
688,14.5,15.5,0.8395833333333333,5.3412500000000005,0.0,8,afternoon_charger
689,8.0,8.0,0.23333333333333334,10.18,0.0,2,morning_charger
690,17.363636363636363,6.5,6.628787878787879,46.87954545454545,0.0,22,afternoon_charger
691,17.0,0.0,6.933333333333334,39.99,0.0,1,afternoon_charger
692,16.0,19.0,2.8333333333333335,9.97,0.0,1,afternoon_charger
694,18.0,19.6,1.3266666666666667,7.818,0.0,5,evening_charger
695,19.5,23.0,3.4916666666666667,12.065,0.0,2,evening_charger
696,16.8,13.2,1.22,7.5,0.0,5,afternoon_charger
697,12.458333333333334,14.458333333333334,1.9541666666666666,5.4745833333333325,0.08333333333333333,24,afternoon_charger
698,16.5,16.833333333333332,0.4291666666666667,17.995,0.0,12,afternoon_charger
699,13.714285714285714,14.285714285714286,0.3476190476190476,13.652857142857142,0.0,7,afternoon_charger
700,16.09090909090909,15.090909090909092,1.1787878787878787,8.15,0.0,11,afternoon_charger
701,15.0,16.333333333333332,1.6583333333333334,9.575,0.0,6,afternoon_charger
702,13.785714285714286,14.857142857142858,1.0380952380952382,14.200000000000001,0.0,14,afternoon_charger
703,10.956521739130435,12.08695652173913,1.1420289855072463,12.11304347826087,0.0,23,morning_charger
704,13.378378378378379,14.81081081081081,1.399099099099099,7.423243243243244,0.0,37,afternoon_charger
705,14.333333333333334,15.0,0.22777777777777777,0.7999999999999999,0.0,3,afternoon_charger
706,15.652173913043478,16.347826086956523,0.6152173913043478,12.803478260869566,0.0,23,afternoon_charger
707,9.333333333333334,11.333333333333334,1.6055555555555554,9.566666666666666,0.0,3,morning_charger
708,11.275862068965518,13.172413793103448,1.8011494252873563,6.267931034482759,0.0,29,morning_charger
709,18.0,19.0,0.6666666666666666,24.52,0.0,1,evening_charger
710,16.0,16.0,0.016666666666666666,0.07,0.0,1,afternoon_charger
711,13.0,13.666666666666666,0.7611111111111111,18.78,0.0,3,afternoon_charger
712,11.625,12.125,0.6124999999999999,16.115000000000002,0.0,8,morning_charger
713,16.75,6.583333333333333,3.779166666666667,25.385,0.0,12,afternoon_charger
714,13.214285714285714,14.785714285714286,1.5373015873015872,9.632619047619048,0.0,42,afternoon_charger
715,12.444444444444445,14.0,1.6314814814814815,5.333333333333333,0.1111111111111111,9,afternoon_charger
716,14.923076923076923,14.76923076923077,1.5833333333333333,18.72153846153846,0.038461538461538464,26,afternoon_charger
717,14.733333333333333,8.866666666666667,8.482222222222221,41.815777777777775,0.5777777777777777,45,afternoon_charger
718,13.453703703703704,14.935185185185185,1.5702160493827162,5.5092592592592595,0.0,108,afternoon_charger
719,16.0,14.375,4.377083333333333,10.75375,0.25,8,afternoon_charger
720,16.869767441860464,7.144186046511628,3.2855813953488373,22.578511627906977,0.06046511627906977,215,afternoon_charger
721,19.0,22.0,2.75,6.81,0.0,1,evening_charger
722,18.0,21.0,3.5833333333333335,23.35,0.0,1,evening_charger
723,13.666666666666666,14.333333333333334,0.7166666666666667,17.926666666666666,0.0,3,afternoon_charger
724,13.0,13.5,0.325,13.004999999999999,0.0,2,afternoon_charger
725,13.368421052631579,14.736842105263158,1.2859649122807018,8.249473684210527,0.0,19,afternoon_charger
726,16.0,13.0,4.8999999999999995,18.626666666666665,0.6666666666666666,3,afternoon_charger
727,18.0,19.0,0.7,23.770000000000003,0.0,2,evening_charger
728,13.5,14.5,1.1,6.5,0.0,2,afternoon_charger
729,16.0,18.0,2.5,16.62,0.0,1,afternoon_charger
730,16.0,17.0,0.65,2.12,0.0,1,afternoon_charger
731,14.0,16.0,1.9333333333333331,6.63,0.0,2,afternoon_charger
732,14.470588235294118,14.529411764705882,4.31764705882353,32.56470588235294,0.0,17,afternoon_charger
733,12.0,13.0,0.4166666666666667,1.5,0.0,1,afternoon_charger
734,16.0,17.5,1.5583333333333331,10.255,0.0,2,afternoon_charger
736,14.621621621621621,15.135135135135135,0.44144144144144143,11.856756756756756,0.0,37,afternoon_charger
737,10.0,12.0,2.25,8.44,0.0,1,morning_charger
738,16.90909090909091,11.618181818181819,6.043030303030303,42.47145454545454,0.3090909090909091,55,afternoon_charger
739,12.0,13.666666666666666,1.7555555555555555,9.926666666666668,0.0,3,afternoon_charger
740,17.428571428571427,16.571428571428573,2.5095238095238095,18.16,0.0,7,afternoon_charger
741,12.0,8.0,3.755555555555555,24.47666666666667,0.0,3,afternoon_charger
742,13.0,6.5,4.966666666666667,32.01,0.0,2,afternoon_charger
743,13.5,4.5,2.925,20.18,0.0,2,afternoon_charger
744,6.0,7.0,0.3333333333333333,9.27,0.0,1,morning_charger
745,21.0,6.0,9.0,61.67,0.0,1,evening_charger
746,18.5,4.5,4.320833333333333,30.380000000000003,0.0,4,evening_charger
747,16.0,11.0,2.9,18.96,0.0,3,afternoon_charger
748,14.833333333333334,10.166666666666666,3.0250000000000004,19.841666666666665,0.0,6,afternoon_charger
749,14.8,17.2,4.621666666666667,13.413,0.5,10,afternoon_charger
750,21.0,22.0,1.4666666666666666,9.19,0.0,1,evening_charger
751,19.076923076923077,19.384615384615383,0.4217948717948718,15.303846153846154,0.0,13,evening_charger
752,16.5,16.0625,1.05625,27.6475,0.0,16,afternoon_charger
753,17.833333333333332,14.0,4.133333333333334,14.049999999999999,0.5,6,afternoon_charger
754,16.142857142857142,17.0,0.6738095238095239,21.341428571428573,0.0,7,afternoon_charger
755,15.666666666666666,17.333333333333332,1.511111111111111,9.94,0.0,3,afternoon_charger
756,17.0,20.0,2.0833333333333335,7.36,0.0,1,afternoon_charger
757,10.5,11.5,0.6722222222222222,8.06,0.0,6,morning_charger
758,13.0,16.666666666666668,3.616666666666667,25.141666666666666,0.0,6,afternoon_charger
759,18.5,12.0,5.283333333333333,18.655,0.5,2,evening_charger
760,13.0,14.0,0.6666666666666666,35.165,0.0,2,afternoon_charger
761,14.0,17.0,2.466666666666667,16.37,0.0,1,afternoon_charger
762,12.285714285714286,13.928571428571429,1.6952380952380952,9.644285714285715,0.0,14,afternoon_charger
763,15.0,16.0,1.15,7.7,0.0,1,afternoon_charger
765,14.727272727272727,15.636363636363637,0.9121212121212121,30.14090909090909,0.0,11,afternoon_charger
766,13.0,13.227272727272727,2.459848484848485,7.012727272727273,0.09090909090909091,22,afternoon_charger
767,16.0,17.5,1.7833333333333332,6.195,0.0,2,afternoon_charger
768,15.204081632653061,16.020408163265305,0.8612244897959185,16.663673469387756,0.02040816326530612,49,afternoon_charger
769,16.057692307692307,15.961538461538462,1.2958333333333334,27.122884615384617,0.0,52,afternoon_charger
770,10.0,11.0,0.6666666666666666,3.75,0.0,1,morning_charger
771,14.0,15.0,0.6599999999999999,13.286000000000001,0.0,5,afternoon_charger
772,6.5,7.0,0.7583333333333333,5.1000000000000005,0.0,2,morning_charger
773,19.5,12.0,4.216666666666667,28.68,0.0,2,evening_charger
774,17.142857142857142,5.714285714285714,5.607142857142857,35.542857142857144,0.0,7,afternoon_charger
775,1.0,3.0,2.9833333333333334,20.1,0.0,1,night_charger
776,21.0,3.0,5.4,36.45,0.0,1,evening_charger
777,21.0,1.0,4.366666666666666,27.69,0.0,1,evening_charger
778,18.666666666666668,14.333333333333334,3.3888888888888893,21.636666666666667,0.0,3,evening_charger
779,19.5,10.0,2.5,16.695,0.0,2,evening_charger
780,23.0,23.0,0.55,19.6,0.0,1,evening_charger
781,22.5,23.0,0.875,37.17,0.0,2,evening_charger
782,16.80952380952381,12.904761904761905,11.984920634920636,13.550476190476191,0.8571428571428571,21,afternoon_charger
783,19.0,20.0,0.5,3.13,0.0,1,evening_charger
784,13.8,14.6,0.7166666666666666,12.734000000000002,0.0,5,afternoon_charger
785,14.428571428571429,15.142857142857142,0.630952380952381,22.27857142857143,0.0,7,afternoon_charger
786,19.5,19.5,0.6166666666666667,14.075,0.0,2,evening_charger
787,16.0,17.5,1.225,6.71,0.0,2,afternoon_charger
788,12.0,12.525,0.5320833333333334,13.5615,0.0,40,afternoon_charger
789,14.0,14.0,0.15,7.06,0.0,1,afternoon_charger
790,12.333333333333334,14.0,2.138888888888889,7.46,0.0,3,afternoon_charger
791,15.75,15.857142857142858,0.7726190476190476,22.02607142857143,0.0,28,afternoon_charger
792,14.0,15.11111111111111,1.1592592592592592,3.8577777777777778,0.0,9,afternoon_charger
793,20.0,7.0,10.833333333333334,24.5,1.0,1,evening_charger
794,19.666666666666668,2.6140350877192984,3.5657894736842106,10.714385964912282,0.7017543859649122,57,evening_charger
795,20.0,1.0,5.183333333333334,35.53,0.0,1,evening_charger
796,20.0,2.5,6.475,37.61,0.0,2,evening_charger
797,11.8,13.8,2.04,9.93,0.0,5,morning_charger
800,19.0,10.5,3.708333333333333,24.765,0.0,2,evening_charger
801,18.0,21.0,3.0,19.935000000000002,0.0,2,evening_charger
802,12.5,14.25,1.7416666666666667,9.035,0.0,4,afternoon_charger
803,18.85185185185185,20.14814814814815,1.2098765432098764,8.009629629629629,0.0,27,evening_charger
804,16.8,17.8,1.0066666666666666,6.456,0.0,5,afternoon_charger
805,18.0,18.0,0.016666666666666666,0.1,0.0,1,evening_charger
806,15.0,14.466666666666667,1.1566666666666667,17.922,0.06666666666666667,15,afternoon_charger
807,13.304347826086957,14.826086956521738,1.458695652173913,8.521739130434783,0.043478260869565216,23,afternoon_charger
808,10.192307692307692,11.846153846153847,1.6012820512820514,9.465384615384615,0.0,26,morning_charger
809,13.0,13.0,0.5333333333333333,3.5,0.0,1,afternoon_charger
810,11.0,12.0,1.2666666666666666,8.530000000000001,0.0,2,morning_charger
811,11.0,12.5,1.9666666666666668,9.87,0.0,2,morning_charger
812,14.503067484662576,12.9079754601227,2.255010224948875,25.028098159509202,0.11042944785276074,163,afternoon_charger
813,12.0,12.333333333333334,0.7111111111111111,14.36,0.0,3,afternoon_charger
814,20.0,5.0,9.0,59.96,0.0,1,evening_charger
815,19.0,12.0,4.891666666666667,33.26,0.0,2,evening_charger
816,15.666666666666666,4.666666666666667,5.1000000000000005,29.899999999999995,0.0,3,afternoon_charger
817,19.0,23.0,4.3,27.06,0.0,1,evening_charger
818,17.6,19.8,2.493333333333333,8.431999999999999,0.0,5,afternoon_charger
819,21.0,22.0,1.1166666666666667,49.11,0.0,1,evening_charger
820,15.0,16.02127659574468,1.9312056737588652,15.24404255319149,0.0,47,afternoon_charger
821,16.0,16.75,0.45416666666666666,12.77,0.0,4,afternoon_charger
823,16.0,18.0,2.9166666666666665,21.04,0.0,1,afternoon_charger
824,14.368421052631579,14.5,0.23508771929824562,10.19078947368421,0.0,38,afternoon_charger
825,15.0,16.0,0.9333333333333333,3.33,0.0,1,afternoon_charger
826,10.6,13.0,2.25,16.137999999999998,0.0,5,morning_charger
827,14.08695652173913,16.130434782608695,2.1050724637681157,29.011304347826087,0.0,23,afternoon_charger
828,15.0,15.0,0.25,8.95,0.0,1,afternoon_charger
829,14.0,15.142857142857142,1.3928571428571428,4.951428571428571,0.0,7,afternoon_charger
830,9.333333333333334,12.333333333333334,3.211111111111111,11.58,0.0,3,morning_charger
831,16.0,16.75,0.7625,20.494999999999997,0.0,8,afternoon_charger
832,10.5,11.0,0.9833333333333334,14.85,0.0,2,morning_charger
833,9.0,10.0,0.55,20.49,0.0,1,morning_charger
834,15.666666666666666,5.333333333333333,6.147222222222222,39.03333333333333,0.16666666666666666,6,afternoon_charger
835,16.0,7.333333333333333,7.352222222222222,48.31133333333333,0.0,15,afternoon_charger
836,11.0,12.75,7.779166666666667,10.6125,0.5,4,morning_charger
838,14.785714285714286,11.0,4.822619047619048,13.596428571428572,0.5,14,afternoon_charger
839,4.0,5.25,1.2541666666666667,14.76,0.0,4,night_charger
840,21.0,2.0,5.0,33.11,0.0,2,evening_charger
842,19.5,16.5,3.0,9.9125,0.25,4,evening_charger
843,18.0,18.4375,2.6703125,18.4296875,0.0,32,evening_charger
844,15.4,17.7,2.395,7.882,0.0,10,afternoon_charger
845,13.2,14.5,1.1966666666666668,4.199,0.0,10,afternoon_charger
846,16.0,11.333333333333334,3.1611111111111114,20.333333333333332,0.0,3,afternoon_charger
848,12.8,13.8,0.8433333333333334,4.168,0.0,5,afternoon_charger
849,10.0,10.222222222222221,0.5388888888888889,13.094444444444443,0.0,9,morning_charger
850,13.0,14.25,1.4625,10.7225,0.25,4,afternoon_charger
851,14.333333333333334,15.466666666666667,0.9833333333333333,36.92066666666666,0.0,15,afternoon_charger
852,11.86,12.98,1.0046666666666666,7.0796,0.0,50,morning_charger
853,21.0,6.0,9.0,61.66,0.0,1,evening_charger
854,21.5,11.5,2.0833333333333335,14.35,0.0,2,evening_charger
855,16.09090909090909,17.09090909090909,0.9757575757575757,26.525454545454544,0.0,11,afternoon_charger
856,15.2,16.4,1.525,5.4670000000000005,0.0,10,afternoon_charger
857,14.0,15.0,0.9166666666666666,6.3,0.0,1,afternoon_charger
858,14.25,16.25,2.029166666666667,13.0575,0.0,4,afternoon_charger
859,15.0,15.0,0.08333333333333333,0.5,0.0,1,afternoon_charger
860,12.0,12.80952380952381,0.7222222222222222,4.637619047619047,0.0,21,afternoon_charger
861,18.0,18.5,0.5916666666666667,22.28,0.0,2,evening_charger
862,13.571428571428571,14.714285714285714,0.9404761904761905,3.281428571428571,0.0,7,afternoon_charger
863,13.67741935483871,14.161290322580646,0.6220430107526881,15.507741935483871,0.0,31,afternoon_charger
864,14.166666666666666,14.041666666666666,0.8173611111111111,18.4525,0.0,24,afternoon_charger
865,21.0,13.5,4.5,29.515,0.0,2,evening_charger
866,20.0,2.5,6.233333333333334,40.900000000000006,0.0,2,evening_charger
868,18.666666666666668,13.166666666666666,2.5861111111111112,17.041666666666668,0.0,6,evening_charger
869,15.625,16.75,1.0989583333333333,7.083125,0.0,16,afternoon_charger
870,19.0,20.0,0.6833333333333333,34.43,0.0,1,evening_charger
871,19.0,19.0,0.45,20.27,0.0,1,evening_charger
872,15.0,19.0,4.55,28.52,0.0,1,afternoon_charger
873,8.75,9.5,0.6416666666666666,23.9025,0.0,4,morning_charger
874,17.0,9.5,4.083333333333333,28.025,0.0,2,afternoon_charger
875,17.0,17.0,0.3333333333333333,11.96,0.0,1,afternoon_charger
876,15.0,16.0,1.0,3.38,0.0,1,afternoon_charger
877,14.038461538461538,16.346153846153847,2.2352564102564103,13.600000000000001,0.038461538461538464,26,afternoon_charger
878,12.0,14.0,1.95,7.2,0.0,1,afternoon_charger
879,14.0,14.0,0.15,3.55,0.0,1,afternoon_charger
880,15.057692307692308,15.576923076923077,0.5233974358974358,12.37923076923077,0.0,52,afternoon_charger
882,13.75,14.375,0.4875,16.3575,0.0,8,afternoon_charger
883,12.4,13.4,0.86,3.012,0.0,5,afternoon_charger
884,9.0,11.0,1.8416666666666668,6.84,0.0,2,morning_charger
885,22.0,4.0,6.233333333333333,40.96,0.0,1,evening_charger
886,12.682926829268293,14.365853658536585,2.1983739837398373,13.339999999999998,0.0,41,afternoon_charger
887,16.0,9.4,4.615555555555556,13.428666666666667,0.6,15,afternoon_charger
888,14.642857142857142,15.642857142857142,0.9535714285714285,16.907857142857143,0.0,14,afternoon_charger
889,13.75,16.0,1.8708333333333333,23.9275,0.0,4,afternoon_charger
890,18.428571428571427,17.857142857142858,2.6619047619047618,24.970000000000002,0.0,7,evening_charger
891,17.333333333333332,20.333333333333332,3.15,10.966666666666667,0.0,3,afternoon_charger
892,13.903225806451612,14.387096774193548,2.010752688172043,7.2293548387096775,0.03225806451612903,31,afternoon_charger
893,13.0,19.0,6.233333333333333,21.79,1.0,1,afternoon_charger
894,14.5,15.0,0.8500000000000001,32.28,0.0,2,afternoon_charger
895,16.0,8.5,4.641666666666667,28.790000000000003,0.0,2,afternoon_charger
896,13.0,14.0,0.7333333333333333,34.56,0.0,1,afternoon_charger
897,15.75,16.75,0.6958333333333333,28.35,0.0,4,afternoon_charger
898,10.5,12.0,1.3583333333333334,9.3,0.0,2,morning_charger
899,18.0,19.333333333333332,1.1500000000000001,19.236666666666668,0.0,3,evening_charger
900,14.875,9.125,3.078125,10.214375,0.4375,16,afternoon_charger
901,14.6,15.2,0.8033333333333333,29.568,0.0,5,afternoon_charger
902,10.0,11.0,1.0916666666666668,5.425,0.0,2,morning_charger
903,11.0,13.0,2.1666666666666665,7.1675,0.0,4,morning_charger
904,11.875,14.25,2.4270833333333335,7.789375,0.0,16,morning_charger
906,18.0,10.5,4.416666666666667,27.89,0.0,2,evening_charger
908,17.0,7.5,2.1916666666666664,5.755,0.0,2,afternoon_charger
910,13.8,14.745454545454546,1.3542424242424242,9.920545454545454,0.10909090909090909,55,afternoon_charger
911,15.0,21.0,5.866666666666666,37.47,0.0,1,afternoon_charger
912,17.676056338028168,20.197183098591548,2.4103286384976523,16.83042253521127,0.0,71,afternoon_charger
914,17.666666666666668,18.333333333333332,0.5944444444444444,3.923333333333334,0.0,3,afternoon_charger
915,17.5,17.5,0.7166666666666667,29.82,0.0,2,afternoon_charger
916,14.0,15.333333333333334,1.4833333333333334,8.290000000000001,0.0,3,afternoon_charger
917,16.7,18.4,1.7133333333333334,5.761,0.0,10,afternoon_charger
918,12.0,13.0,1.2166666666666666,7.52,0.0,1,afternoon_charger
919,11.0,13.0,1.5666666666666667,10.37,0.0,1,morning_charger
920,11.6,12.2,0.7133333333333334,15.874,0.0,5,morning_charger
921,11.333333333333334,14.0,2.7916666666666665,19.191666666666666,0.0,6,morning_charger
922,13.1875,14.0,0.64375,17.480625,0.0,16,afternoon_charger
923,15.75,10.25,6.616666666666666,22.15,0.5,4,afternoon_charger
924,15.333333333333334,12.0,4.294444444444444,20.613333333333333,0.3333333333333333,3,afternoon_charger
925,18.5,1.5,7.25,46.53,0.0,2,evening_charger
926,14.0,11.0,2.8791666666666664,30.919999999999998,0.0,4,afternoon_charger
927,18.02173913043478,7.521739130434782,5.748007246376813,34.31413043478261,0.0,92,evening_charger
928,19.0,20.0,1.0833333333333333,7.34,0.0,1,evening_charger
929,14.333333333333334,15.333333333333334,1.1055555555555554,6.233333333333333,0.0,6,afternoon_charger
930,13.0,18.0,4.516666666666667,5.3,1.0,1,afternoon_charger
932,7.840909090909091,13.545454545454545,5.8746212121212125,20.46818181818182,0.8863636363636364,44,morning_charger
933,12.0,12.0,0.9666666666666667,3.55,0.0,1,afternoon_charger
934,11.0,12.0,0.7166666666666667,12.72,0.0,1,morning_charger
935,10.0,11.0,0.6333333333333333,35.68,0.0,1,morning_charger
936,12.666666666666666,7.0,1.9333333333333333,7.633333333333334,0.0,3,afternoon_charger
937,11.0,12.0,0.7666666666666667,5.0,0.0,1,morning_charger
939,9.5,11.0,1.7750000000000001,12.275,0.0,2,morning_charger
941,13.565217391304348,15.217391304347826,1.729710144927536,5.909130434782608,0.0,23,afternoon_charger
942,6.5,9.0,1.9083333333333332,6.824999999999999,0.0,2,morning_charger
943,7.0,8.0,0.4,15.04,0.0,1,morning_charger
945,15.8,18.0,2.2,7.608,0.0,5,afternoon_charger
946,14.8,11.8,1.9600000000000002,13.216,0.0,5,afternoon_charger
947,15.8,16.8,1.0666666666666667,18.582,0.0,5,afternoon_charger
948,13.5,15.5,1.9833333333333334,26.055,0.0,2,afternoon_charger
949,16.0,16.0,0.15,4.42,0.0,1,afternoon_charger
950,9.5,12.5,2.8722222222222222,12.988333333333335,0.16666666666666666,6,morning_charger
951,13.1,15.1,2.2216666666666667,7.675,0.0,10,afternoon_charger
952,14.033898305084746,14.694915254237289,0.6677966101694915,13.009152542372881,0.0,59,afternoon_charger
953,11.0,13.0,1.55,10.6,0.0,1,morning_charger
954,11.666666666666666,12.333333333333334,0.7333333333333334,16.57,0.0,3,morning_charger
955,20.0,3.5,7.15,32.150000000000006,0.5,2,evening_charger
956,21.0,23.0,2.0,13.35,0.0,1,evening_charger
958,17.0,19.0,2.8333333333333335,9.03,0.0,1,afternoon_charger
959,12.666666666666666,14.333333333333334,1.4444444444444444,19.36,0.0,3,afternoon_charger
960,14.066666666666666,14.733333333333333,0.6122222222222222,25.487333333333332,0.0,15,afternoon_charger
961,13.0,16.0,3.533333333333333,22.86,0.0,1,afternoon_charger
963,13.0,14.0,0.6333333333333333,4.5,0.0,1,afternoon_charger
964,13.0,13.5,0.5416666666666666,21.055,0.0,2,afternoon_charger
965,12.0,12.5,0.26666666666666666,1.715,0.0,2,afternoon_charger
966,9.5,12.0,2.125,7.23,0.0,2,morning_charger
967,12.0,12.0,0.6333333333333333,2.13,0.0,1,afternoon_charger
968,14.5,5.0,2.85,9.42,0.5,2,afternoon_charger
969,14.333333333333334,16.666666666666668,2.261111111111111,14.933333333333332,0.0,3,afternoon_charger
970,4.0,5.0,0.8333333333333334,5.6,0.0,1,night_charger
971,13.0,6.5,5.291666666666667,35.765,0.0,2,afternoon_charger
972,14.742857142857142,15.371428571428572,0.4561904761904762,16.154571428571426,0.0,35,afternoon_charger
973,16.0,17.0,0.7583333333333333,5.22,0.0,2,afternoon_charger
974,17.5,9.0,3.7583333333333333,16.919999999999998,0.5,2,afternoon_charger
975,14.2,15.1,0.7483333333333333,9.347,0.0,10,afternoon_charger
977,9.0,10.0,1.0,5.66,0.0,1,morning_charger
978,23.0,6.0,7.216666666666667,49.57,0.0,1,evening_charger
979,18.5,11.5,4.816666666666666,31.9,0.0,2,evening_charger
980,20.5,10.0,1.5666666666666667,10.395000000000001,0.0,2,evening_charger
981,21.0,21.0,0.15,4.22,0.0,1,evening_charger
982,10.4,11.4,0.7833333333333334,5.241999999999999,0.0,5,morning_charger
983,8.0,9.0,1.25,8.375,0.0,2,morning_charger
985,16.9,9.45,5.861666666666666,35.291,0.2,20,afternoon_charger
986,19.333333333333332,17.666666666666668,2.2805555555555554,14.071666666666665,0.0,6,evening_charger
987,20.5,22.5,1.7083333333333333,20.93,0.0,2,evening_charger
989,17.5,21.0,3.275,21.905,0.0,2,afternoon_charger
990,12.0,16.0,4.116666666666666,29.28,0.0,1,afternoon_charger
991,17.666666666666668,18.0,0.35000000000000003,10.993333333333334,0.0,3,afternoon_charger
994,17.693877551020407,7.224489795918367,4.714285714285714,26.857142857142858,0.24489795918367346,49,afternoon_charger
995,19.0,0.0,5.416666666666667,38.0,0.0,1,evening_charger
996,21.0,0.0,2.433333333333333,17.14,0.0,1,evening_charger
997,18.0,19.0,0.9916666666666667,30.805,0.0,2,evening_charger
998,18.333333333333332,18.666666666666668,0.6111111111111112,10.696666666666667,0.0,3,evening_charger
999,11.0,14.0,2.2,7.81,0.0,1,morning_charger
1000,14.8,17.2,2.3,14.175999999999998,0.0,5,afternoon_charger
1001,14.923076923076923,16.076923076923077,1.108974358974359,7.390769230769231,0.0,13,afternoon_charger
1002,16.5,17.0,0.4166666666666667,15.285,0.0,2,afternoon_charger
1003,13.333333333333334,15.333333333333334,1.825,6.515000000000001,0.0,6,afternoon_charger
1004,17.333333333333332,11.333333333333334,1.7722222222222221,11.983333333333334,0.0,3,afternoon_charger
1005,18.0,13.666666666666666,3.586111111111111,22.354166666666668,0.0,12,evening_charger
1008,13.5,14.0,0.7375,31.25,0.0,4,afternoon_charger
1010,20.0,2.0,5.433333333333334,37.21,0.0,1,evening_charger
1011,12.513513513513514,16.31081081081081,3.7195945945945947,34.89783783783784,0.0,74,afternoon_charger
1012,19.333333333333332,21.666666666666668,2.338888888888889,15.363333333333335,0.0,3,evening_charger
1013,15.5,18.5,3.5250000000000004,17.9,0.0,2,afternoon_charger
1014,13.333333333333334,15.666666666666666,2.5166666666666666,8.783333333333333,0.0,3,afternoon_charger
1015,0.0,2.5,2.5083333333333333,16.85,0.0,2,night_charger
1018,16.666666666666668,17.0,0.45555555555555555,17.74,0.0,3,afternoon_charger
1019,16.75,18.0,1.0291666666666668,3.7125,0.0,4,afternoon_charger
1020,14.444444444444445,15.0,0.3888888888888889,10.222222222222221,0.0,9,afternoon_charger
1021,13.0,14.0,0.39166666666666666,9.605,0.0,2,afternoon_charger
1022,14.333333333333334,11.0,1.9222222222222223,11.714444444444446,0.0,9,afternoon_charger
1023,12.25,10.125,1.05625,13.936250000000001,0.0,8,afternoon_charger
1024,16.2,10.6,3.72,30.448,0.2,5,afternoon_charger
1025,18.0,19.75,1.8208333333333333,11.3225,0.0,4,evening_charger
1026,11.5,12.0,0.9333333333333333,5.695,0.0,2,morning_charger
1027,15.666666666666666,17.0,0.9277777777777777,3.293333333333333,0.0,3,afternoon_charger
1028,10.5,12.75,2.2,7.984999999999999,0.0,4,morning_charger
1029,16.0,17.0,1.0666666666666667,7.1,0.0,1,afternoon_charger
1031,14.0,14.0,0.18333333333333332,1.3,0.0,1,afternoon_charger
1032,14.333333333333334,14.666666666666666,0.41111111111111115,0.8866666666666667,0.0,3,afternoon_charger
1033,10.0,11.0,1.45,9.59,0.0,1,morning_charger
1034,19.0,5.0,10.1,69.71,0.0,1,evening_charger
1035,19.5,10.5,2.408333333333333,16.849999999999998,0.0,2,evening_charger
1036,19.0,1.0,6.0,38.065,0.0,2,evening_charger
1037,17.5,18.0,0.175,5.63,0.0,2,afternoon_charger
1038,21.0,22.0,0.4,18.5,0.0,1,evening_charger
1039,19.333333333333332,16.666666666666668,5.266666666666667,5.596666666666667,0.3333333333333333,3,evening_charger
1040,17.0,18.0,0.9166666666666666,38.2,0.0,1,afternoon_charger
1041,17.0,18.0,0.35,10.59,0.0,1,afternoon_charger
1042,13.0,14.25,1.0833333333333333,42.6725,0.0,4,afternoon_charger
1043,12.333333333333334,14.333333333333334,1.8333333333333333,10.37,0.0,3,afternoon_charger
1044,12.0,15.0,2.183333333333333,14.89,0.0,1,afternoon_charger
1046,13.25,16.25,3.5250000000000004,12.1075,0.5,4,afternoon_charger
1048,18.2,4.8,5.62,19.036,0.8,5,evening_charger
1049,17.5,8.5,2.825,17.0,0.0,2,afternoon_charger
1050,18.5,18.5,0.18333333333333335,1.23,0.0,2,evening_charger
1051,13.166666666666666,13.916666666666666,0.6305555555555555,21.430000000000003,0.0,12,afternoon_charger
1052,14.5,7.0,4.125,26.73,0.0,2,afternoon_charger
1053,7.0,8.0,1.0,5.99,0.0,1,morning_charger
1054,23.0,4.0,5.0,35.47,0.0,1,evening_charger
1055,17.333333333333332,18.0,0.6666666666666666,4.496666666666667,0.0,3,afternoon_charger
1056,18.966666666666665,18.533333333333335,1.0705555555555555,3.6026666666666665,0.0,30,evening_charger
1057,21.4,17.6,1.1233333333333335,7.236,0.0,5,evening_charger
1058,15.0,16.0,1.4833333333333334,10.4,0.0,1,afternoon_charger
1059,14.333333333333334,14.666666666666666,0.39999999999999997,16.28,0.0,3,afternoon_charger
1060,11.777777777777779,13.333333333333334,1.5574074074074074,5.268888888888889,0.0,9,morning_charger
1061,8.0,10.0,2.466666666666667,17.1,0.0,1,morning_charger
1062,9.0,10.0,0.6666666666666666,27.34,0.0,1,morning_charger
1063,13.875,15.125,1.2791666666666666,7.8475,0.0,8,afternoon_charger
1065,12.0,12.0,0.016666666666666666,0.69,0.0,1,afternoon_charger
1066,16.0,16.0,0.06666666666666667,0.47,0.0,1,afternoon_charger
1067,13.0,14.0,1.4666666666666666,9.8,0.0,1,afternoon_charger
1068,14.833333333333334,16.5,0.9888888888888889,10.195,0.0,6,afternoon_charger
1069,11.5,12.0,0.5416666666666666,25.06,0.0,2,morning_charger
1070,11.0,11.0,0.7333333333333333,56.46,0.0,1,morning_charger
1071,14.177777777777777,15.71111111111111,1.4392592592592592,8.197111111111111,0.0,45,afternoon_charger
1072,10.0,11.0,0.6666666666666666,19.64,0.0,1,morning_charger
1073,13.5,14.5,0.6958333333333333,4.615,0.0,4,afternoon_charger
1074,21.0,3.0,6.933333333333334,45.8,0.0,1,evening_charger
1075,15.0,18.0,2.6666666666666665,9.149999999999999,0.5,2,afternoon_charger
1076,18.666666666666668,19.666666666666668,0.6777777777777777,26.49,0.0,3,evening_charger
1077,14.0,14.0,0.38333333333333336,1.36,0.0,1,afternoon_charger
1078,9.555555555555555,10.777777777777779,1.3888888888888888,4.765555555555555,0.0,9,morning_charger
1079,13.5,7.0,5.633333333333333,34.0,0.0,2,afternoon_charger
1080,12.5,14.5,2.1833333333333336,12.265,0.0,2,afternoon_charger
1081,17.04,15.84,2.6719999999999997,8.5204,0.2,25,afternoon_charger
1082,9.0,10.0,0.6666666666666666,19.16,0.0,1,morning_charger
1083,15.0,16.0,1.0666666666666667,18.84,0.0,1,afternoon_charger
1084,14.0,16.0,1.9333333333333333,12.78,0.0,1,afternoon_charger
1086,10.0,12.0,1.6166666666666667,11.35,0.0,1,morning_charger
1087,9.8,11.4,1.4366666666666665,13.334,0.0,5,morning_charger
1088,13.0,13.5,0.625,3.9050000000000002,0.0,2,afternoon_charger
1089,16.5,9.5,4.491666666666667,29.380000000000003,0.0,2,afternoon_charger
1092,15.0,16.0,0.7166666666666667,24.7,0.0,1,afternoon_charger
1093,14.866666666666667,17.333333333333332,2.2744444444444443,12.991999999999999,0.06666666666666667,15,afternoon_charger
1094,11.0,12.0,0.8666666666666667,5.2,0.0,1,morning_charger
1096,16.454545454545453,11.181818181818182,3.412121212121212,23.14636363636364,0.0,11,afternoon_charger
1097,21.0,23.0,1.9583333333333333,13.5,0.0,2,evening_charger
1098,16.5,17.5,1.4416666666666669,7.825,0.0,2,afternoon_charger
1099,19.0,3.0,7.983333333333333,37.15,1.0,1,evening_charger
1100,22.0,12.5,2.3333333333333335,16.35,0.0,2,evening_charger
1101,13.363636363636363,14.636363636363637,1.3909090909090909,4.90090909090909,0.0,11,afternoon_charger
1102,23.0,2.0,3.2333333333333334,21.77,0.0,1,evening_charger
1103,15.0,15.0,0.15,1.0,0.0,1,afternoon_charger
1104,16.0,6.5,2.658333333333333,15.975,0.5,2,afternoon_charger
1105,20.5,13.5,5.175000000000001,35.155,0.0,2,evening_charger
1106,10.0,11.0,0.9666666666666667,6.4,0.0,1,morning_charger
1107,13.91304347826087,14.956521739130435,0.8913043478260869,26.213043478260868,0.0,23,afternoon_charger
1108,18.0,19.0,0.9666666666666667,6.8,0.0,1,evening_charger
1109,17.8,7.0,8.33,7.709999999999999,0.8,5,afternoon_charger
1110,11.063829787234043,14.106382978723405,3.04290780141844,20.325531914893617,0.0,47,morning_charger
1112,18.0,20.0,2.65,16.53,0.0,1,evening_charger
1113,14.5,15.0,0.6416666666666666,3.14,0.0,2,afternoon_charger
1114,21.0,22.0,0.7333333333333333,29.66,0.0,1,evening_charger
1115,9.0,11.0,1.35,8.5,0.0,1,morning_charger
1116,21.0,2.0,4.5,29.38,0.0,1,evening_charger
1117,13.5,15.5,1.725,6.07,0.0,2,afternoon_charger
1118,16.2,16.8,0.6233333333333333,9.488,0.0,5,afternoon_charger
1119,18.0,18.666666666666668,0.6277777777777778,25.790000000000003,0.0,3,evening_charger
1120,16.0,17.333333333333332,1.3111111111111111,8.543333333333335,0.0,3,afternoon_charger
1121,13.666666666666666,15.0,1.238888888888889,8.24,0.0,6,afternoon_charger
1122,12.5,13.0,0.7333333333333334,24.02,0.0,2,afternoon_charger
1123,19.5,21.5,2.25,14.895,0.0,2,evening_charger
1124,17.40909090909091,7.045454545454546,5.028787878787879,34.54954545454546,0.0,22,afternoon_charger
1125,14.375,15.375,0.7791666666666667,9.485,0.0,8,afternoon_charger
1126,15.256410256410257,16.641025641025642,1.9730769230769232,9.834358974358976,0.02564102564102564,39,afternoon_charger
1127,19.0,14.0,3.0,20.063333333333333,0.0,6,evening_charger
1128,13.833333333333334,14.833333333333334,1.0555555555555556,6.946666666666666,0.0,6,afternoon_charger
1129,11.5,13.5,2.3666666666666667,34.28,0.0,2,morning_charger
1130,15.5,15.5,0.20833333333333331,9.315,0.0,2,afternoon_charger
1131,21.0,6.0,9.0,59.82,0.0,1,evening_charger
1132,9.0,10.0,1.5,9.35,0.0,1,morning_charger
1133,21.0,4.0,6.366666666666666,42.58,0.0,1,evening_charger
1134,11.0,12.0,1.0,31.07,0.0,1,morning_charger
1135,16.0,7.5,3.775,24.900000000000002,0.0,2,afternoon_charger
1136,20.833333333333332,9.166666666666666,8.063888888888888,41.37666666666667,0.5,6,evening_charger
1137,15.857142857142858,16.952380952380953,1.2785714285714287,9.55142857142857,0.0,21,afternoon_charger
1138,15.2,12.4,1.6600000000000001,16.686,0.0,5,afternoon_charger
1139,16.0,22.0,6.0,39.97,0.0,1,afternoon_charger
1140,12.5,15.5,2.8083333333333336,18.1,0.0,2,afternoon_charger
1141,17.666666666666668,17.666666666666668,0.3222222222222222,3.7566666666666664,0.0,3,afternoon_charger
1142,15.0,16.0,0.7,2.46,0.0,1,afternoon_charger
1144,19.5,10.0,2.675,18.275,0.0,2,evening_charger
1145,16.666666666666668,19.333333333333332,2.4,8.9,0.0,3,afternoon_charger
1146,16.5,10.0,5.241666666666667,40.315,0.5,4,afternoon_charger
1147,18.0,19.0,0.75,36.09,0.0,1,evening_charger
1148,9.0,12.0,3.3333333333333335,22.3,0.0,1,morning_charger
1149,20.5,11.5,3.6166666666666667,24.805,0.0,2,evening_charger
1150,9.0,16.0,7.283333333333333,32.91,1.0,1,morning_charger
1151,21.0,22.0,0.6,25.14,0.0,1,evening_charger
1152,17.333333333333332,17.333333333333332,0.7000000000000001,2.43,0.0,3,afternoon_charger
1153,12.714285714285714,12.857142857142858,0.29047619047619044,4.031428571428571,0.0,7,afternoon_charger
1154,12.64516129032258,5.870967741935484,5.64247311827957,36.94870967741935,0.03225806451612903,31,afternoon_charger
1155,19.0,20.0,0.9500000000000001,3.143333333333333,0.0,3,evening_charger
1156,9.0,11.0,1.5166666666666666,10.41,0.0,1,morning_charger
1157,20.0,21.0,0.7166666666666667,33.92,0.0,1,evening_charger
1158,14.0,15.0,0.5833333333333334,22.33,0.0,1,afternoon_charger
1159,21.0,5.0,7.866666666666666,45.51,0.0,1,evening_charger
1160,11.0,12.0,0.9083333333333333,6.21,0.0,2,morning_charger
1161,13.7,9.4,2.9366666666666665,25.261000000000003,0.0,10,afternoon_charger
1162,9.0,9.0,0.35833333333333334,12.235,0.0,2,morning_charger
1163,21.0,13.0,3.35,21.675,0.0,2,evening_charger
1164,16.125,14.25,1.0208333333333333,11.588750000000001,0.0,8,afternoon_charger
1165,15.619047619047619,15.5,0.4444444444444445,15.386904761904763,0.0,42,afternoon_charger
1166,18.8,13.4,4.093333333333334,9.108,0.2,5,evening_charger
1167,12.0,14.666666666666666,2.316666666666667,21.956666666666667,0.0,3,afternoon_charger
1168,13.0,13.11111111111111,0.9629629629629629,17.116296296296294,0.0,27,afternoon_charger
1171,16.0,16.0,0.7166666666666667,25.75,0.0,1,afternoon_charger
1172,14.75,17.0,2.225,13.5525,0.0,4,afternoon_charger
1173,15.0,15.25,0.25,7.92,0.0,4,afternoon_charger
1174,13.0,14.0,0.8833333333333333,3.1,0.0,1,afternoon_charger
1175,11.133333333333333,11.8,0.7122222222222222,10.361333333333334,0.0,15,morning_charger
1176,16.666666666666668,6.333333333333333,5.488888888888888,27.549999999999997,0.3333333333333333,3,afternoon_charger
1177,12.545454545454545,15.909090909090908,3.178787878787879,20.772727272727273,0.0,11,afternoon_charger
1178,22.0,3.0,5.0,33.08,0.0,1,evening_charger
1179,6.0,7.0,0.8333333333333334,5.65,0.0,1,morning_charger
1180,17.0,17.5,0.925,10.64,0.0,2,afternoon_charger
1181,13.0,12.4,4.02,31.625999999999998,0.0,5,afternoon_charger
1182,12.0,13.0,0.9833333333333333,3.55,0.0,1,afternoon_charger
1183,13.0,15.0,2.2583333333333333,15.695,0.0,2,afternoon_charger
1184,14.8,15.8,1.1316666666666666,24.464,0.0,10,afternoon_charger
1185,12.092105263157896,12.81578947368421,0.7469298245614034,28.179868421052632,0.0,76,afternoon_charger
1186,20.0,21.0,1.0,6.85,0.0,1,evening_charger
1187,15.0,16.0,0.6166666666666667,14.0,0.0,1,afternoon_charger
1188,16.0,17.3,1.215,7.446,0.0,10,afternoon_charger
1189,16.8,17.8,1.01,3.6380000000000003,0.0,5,afternoon_charger
1190,13.5,14.617647058823529,1.1259803921568627,26.864117647058823,0.029411764705882353,34,afternoon_charger
1191,19.0,19.0,0.03333333333333333,0.72,0.0,1,evening_charger
1193,18.0,19.666666666666668,1.627777777777778,10.696666666666667,0.0,3,evening_charger
1194,19.0,19.0,0.3333333333333333,12.82,0.0,1,evening_charger
1195,12.0,12.0,0.4,2.62,0.0,1,afternoon_charger
1196,12.75,14.375,1.690277777777778,4.622916666666667,0.041666666666666664,24,afternoon_charger
1197,15.0,17.333333333333332,2.5555555555555554,13.65,0.0,3,afternoon_charger
1198,19.0,22.0,3.05,19.71,0.0,1,evening_charger
1199,16.0,16.0,0.6666666666666666,38.74,0.0,1,afternoon_charger
1200,19.0,20.0,0.5333333333333333,24.51,0.0,1,evening_charger
1201,9.75,10.0,0.48333333333333334,18.2025,0.0,4,morning_charger
1202,15.6,17.8,2.013333333333333,6.792,0.0,5,afternoon_charger
1203,16.0,19.0,2.9833333333333334,20.42,0.0,1,afternoon_charger
1204,11.0,11.0,0.3333333333333333,1.2,0.0,1,morning_charger
1205,10.0,11.0,1.05,44.13,0.0,1,morning_charger
1206,19.0,21.0,1.5666666666666667,9.59,0.0,1,evening_charger
1207,20.333333333333332,15.0,2.6944444444444446,16.893333333333334,0.0,3,evening_charger
1208,12.409090909090908,12.590909090909092,4.524242424242424,32.61409090909091,0.0,22,afternoon_charger
1209,11.25,12.125,0.9500000000000001,22.9225,0.0,8,morning_charger
1210,18.9,13.4,4.031666666666666,26.812,0.0,10,evening_charger
1211,20.0,22.5,2.2750000000000004,14.965,0.0,2,evening_charger
1212,14.0,12.3,0.6516666666666666,24.755,0.0,10,afternoon_charger
1213,15.7,16.366666666666667,0.5772222222222222,31.234666666666666,0.0,30,afternoon_charger
1214,16.25,12.25,2.095833333333333,20.3075,0.0,4,afternoon_charger
1215,14.333333333333334,15.0,0.6305555555555555,4.181666666666667,0.0,6,afternoon_charger
1216,13.0,14.0,0.75,2.7,0.0,1,afternoon_charger
1217,14.89795918367347,15.244897959183673,0.3914965986394558,8.663877551020407,0.0,49,afternoon_charger
1218,17.0,17.0,0.18333333333333332,7.66,0.0,1,afternoon_charger
1219,14.824372759856631,15.469534050179211,0.632437275985663,10.656415770609318,0.0,279,afternoon_charger
1220,16.53191489361702,18.680851063829788,2.1269503546099293,14.59,0.0,47,afternoon_charger
1221,15.60655737704918,17.83606557377049,2.2502732240437155,15.992377049180327,0.0,122,afternoon_charger
1222,16.95402298850575,18.20689655172414,1.8421455938697315,10.903908045977012,0.022988505747126436,87,afternoon_charger
1223,15.097560975609756,17.0609756097561,2.232520325203252,14.722682926829268,0.012195121951219513,82,afternoon_charger
1224,11.955223880597014,13.0,0.9733830845771144,6.457761194029851,0.0,67,morning_charger
1225,16.963503649635037,18.83941605839416,1.9804136253041362,12.781751824817517,0.0072992700729927005,137,afternoon_charger
1226,17.0,19.228571428571428,2.2085714285714286,14.255714285714285,0.0,35,afternoon_charger
1227,17.58139534883721,20.46511627906977,2.880232558139535,19.75767441860465,0.023255813953488372,43,afternoon_charger
1228,17.352941176470587,18.718954248366014,1.3937908496732025,9.200653594771243,0.0,153,afternoon_charger
1229,13.464285714285714,13.821428571428571,0.6007440476190476,13.56875,0.008928571428571428,112,afternoon_charger
1230,16.642105263157895,18.53684210526316,1.9028070175438598,12.843052631578946,0.0,95,afternoon_charger
1231,17.163636363636364,19.618181818181817,2.5230303030303034,16.183818181818182,0.0,55,afternoon_charger
1232,14.384615384615385,17.384615384615383,2.7384615384615385,9.362307692307693,0.15384615384615385,13,afternoon_charger
1234,10.0,10.5,0.725,23.35,0.0,2,morning_charger
1235,13.416666666666666,14.333333333333334,0.6513888888888889,19.0575,0.0,12,afternoon_charger
1237,13.0,13.5,0.35833333333333334,13.31,0.0,2,afternoon_charger
1238,21.0,5.0,8.033333333333333,52.87,0.0,1,evening_charger
1239,13.0,14.0,1.0,6.79,0.0,1,afternoon_charger
1240,18.0,19.5,1.5083333333333333,7.355,0.0,2,evening_charger
1241,15.692307692307692,16.076923076923077,2.329487179487179,17.25923076923077,0.0,13,afternoon_charger
1242,14.4,15.2,0.58,19.394,0.0,5,afternoon_charger
1243,16.0,19.0,2.566666666666667,16.41,0.0,1,afternoon_charger
1244,20.333333333333332,9.333333333333334,4.577777777777778,29.49,0.0,3,evening_charger
1245,10.0,10.0,0.0,0.01,0.0,1,morning_charger
1246,13.333333333333334,14.333333333333334,1.3666666666666665,5.303333333333334,0.0,3,afternoon_charger
1247,12.868421052631579,13.710526315789474,0.8346491228070176,30.80842105263158,0.0,38,afternoon_charger
1249,13.0,13.0,0.049999999999999996,2.6100000000000003,0.0,2,afternoon_charger
1250,13.0,15.0,1.7333333333333334,6.4,0.0,1,afternoon_charger
1251,10.0,14.0,3.3666666666666667,22.38,0.0,1,morning_charger
1252,15.0,16.0,0.3,12.41,0.0,1,afternoon_charger
1253,18.333333333333332,12.0,1.5999999999999999,8.486666666666666,0.0,3,evening_charger
1254,12.0,12.0,0.5,3.42,0.0,1,afternoon_charger
1255,12.0,14.0,1.8166666666666667,11.87,0.0,1,afternoon_charger
1257,19.093220338983052,7.262711864406779,7.548022598870056,41.23906779661017,0.3983050847457627,118,evening_charger
1259,6.0,9.0,2.75,18.59,0.0,1,morning_charger
1260,18.0,9.5,3.308333333333333,28.075,0.0,2,evening_charger
1261,17.0,0.0,7.3,50.13,0.0,1,afternoon_charger
1262,7.75,4.25,2.4125,18.169999999999998,0.25,4,morning_charger
1263,17.0,20.0,3.0,20.07,0.0,1,afternoon_charger
1265,11.0,13.0,1.5,10.29,0.0,1,morning_charger
1266,16.0,17.0,1.2,17.275000000000002,0.0,6,afternoon_charger
1267,20.0,23.0,3.433333333333333,23.35,0.0,1,evening_charger
1268,17.5,13.5,2.175,14.6325,0.0,4,afternoon_charger
1269,15.0,15.5,0.8666666666666667,5.2,0.0,2,afternoon_charger
1270,21.0,3.5,6.766666666666667,43.56,0.0,2,evening_charger
1271,13.0,14.0,0.8583333333333334,31.235,0.0,2,afternoon_charger
1272,12.0,13.0,0.4666666666666667,22.705,0.0,2,afternoon_charger
1273,12.0,13.0,0.95,6.67,0.0,1,afternoon_charger
1274,12.647058823529411,8.96078431372549,4.374509803921568,28.859019607843138,0.0,51,afternoon_charger
1275,12.0,13.0,0.7083333333333334,2.61,0.0,2,afternoon_charger
1276,11.0,12.0,1.2166666666666666,8.15,0.0,1,morning_charger
1277,13.2,14.3,1.0883333333333334,7.159999999999999,0.0,10,afternoon_charger
1278,17.333333333333332,17.666666666666668,0.5444444444444444,24.953333333333333,0.0,3,afternoon_charger
1279,14.666666666666666,9.0,2.316666666666667,15.87,0.0,3,afternoon_charger
1280,20.0,1.0,4.5,29.97,0.0,1,evening_charger
1281,13.25,15.0,2.0374999999999996,7.3075,0.0,4,afternoon_charger
1282,13.529411764705882,14.176470588235293,0.526470588235294,21.09058823529412,0.0,17,afternoon_charger
1283,12.0,13.181818181818182,1.2750000000000001,8.205454545454545,0.0,22,afternoon_charger
1284,18.0,19.0,0.6777777777777777,25.993333333333336,0.0,3,evening_charger
1285,13.416666666666666,14.25,1.0250000000000001,3.605833333333333,0.0,12,afternoon_charger
1286,23.0,11.5,0.575,24.295,0.0,2,evening_charger
1287,17.5,18.0,0.475,14.7925,0.0,4,afternoon_charger
1288,23.0,7.0,8.516666666666667,53.0,0.0,1,evening_charger
1289,17.5,9.0,3.2666666666666666,22.795,0.0,2,afternoon_charger
1290,13.5,14.0,0.48333333333333334,31.479999999999997,0.0,2,afternoon_charger
1291,19.0,19.0,0.03333333333333333,1.49,0.0,1,evening_charger
1292,13.0,15.0,1.9666666666666666,13.8,0.0,1,afternoon_charger
1293,16.0,19.0,2.716666666666667,10.99,0.0,1,afternoon_charger
1294,19.0,19.0,0.26666666666666666,13.99,0.0,1,evening_charger
1295,11.5,12.3,3.1016666666666666,20.429,0.1,10,morning_charger
1296,16.875,18.1,1.82375,12.767,0.0,40,afternoon_charger
1297,11.380952380952381,12.476190476190476,0.9507936507936509,23.507142857142856,0.0,21,morning_charger
1298,15.0,17.5,2.6625,4.9925,0.5,4,afternoon_charger
1299,15.666666666666666,10.333333333333334,2.661111111111111,17.016666666666666,0.0,3,afternoon_charger
1300,10.0,12.0,1.65,8.14,0.0,1,morning_charger
1301,14.666666666666666,15.333333333333334,0.8388888888888889,8.973333333333334,0.0,3,afternoon_charger
1302,18.22222222222222,11.333333333333334,3.9509259259259255,26.41111111111111,0.0,18,evening_charger
1303,19.4,20.2,0.8300000000000001,2.93,0.0,5,evening_charger
1305,11.0,12.363636363636363,1.3621212121212123,8.038181818181819,0.0,11,morning_charger
1306,17.666666666666668,19.0,1.2944444444444445,8.296666666666667,0.0,3,afternoon_charger
1307,18.2,18.6,0.5933333333333334,10.142,0.0,5,evening_charger
1308,19.0,21.0,1.4333333333333333,10.0,0.0,1,evening_charger
1309,22.5,2.5,4.225,27.695,0.0,2,evening_charger
1310,14.0,16.0,1.7166666666666666,8.26,0.0,1,afternoon_charger
1311,21.0,21.0,0.5333333333333333,19.26,0.0,1,evening_charger
1312,17.333333333333332,17.666666666666668,0.5166666666666666,17.77,0.0,3,afternoon_charger
1313,13.0,15.428571428571429,2.473809523809524,8.92,0.2857142857142857,7,afternoon_charger
1314,18.5,8.5,2.4833333333333334,29.314999999999998,0.0,2,evening_charger
1315,23.0,14.0,3.25,22.305,0.0,2,evening_charger
1316,21.0,1.0,4.0,27.84,0.0,1,evening_charger
1317,17.5,9.0,3.4583333333333335,23.54,0.0,2,afternoon_charger
1319,12.949748743718592,13.442211055276381,0.5234505862646567,14.296633165829146,0.0,199,afternoon_charger
1320,15.444444444444445,16.22222222222222,0.6388888888888888,24.903333333333332,0.0,9,afternoon_charger
1321,15.4,16.6,1.02,7.12,0.0,5,afternoon_charger
1322,21.0,8.0,2.861111111111111,16.876666666666665,0.0,3,evening_charger
1323,15.0,16.0,0.6333333333333333,3.88,0.0,1,afternoon_charger
1324,21.0,4.0,7.0,47.23,0.0,1,evening_charger
1325,20.0,22.0,1.9555555555555557,13.366666666666667,0.0,3,evening_charger
1326,11.134328358208956,11.940298507462687,0.7845771144278607,31.997014925373136,0.0,67,morning_charger
1328,10.0,12.0,1.5833333333333333,11.18,0.0,1,morning_charger
1329,12.806451612903226,13.451612903225806,0.5763440860215054,25.764193548387098,0.0,31,afternoon_charger
1330,21.0,0.0,2.6666666666666665,17.29,0.0,1,evening_charger
1331,17.0,18.0,1.0333333333333334,6.24,0.0,1,afternoon_charger
1332,15.6,16.0,0.5900000000000001,13.494,0.0,5,afternoon_charger
1333,22.0,0.0,1.6666666666666667,11.03,0.0,1,evening_charger
1334,13.0,17.0,4.55,30.36,0.0,1,afternoon_charger
1335,15.75,16.75,1.1125,7.2875000000000005,0.0,4,afternoon_charger
1336,14.0,15.0,1.2833333333333334,3.94,0.0,1,afternoon_charger
1337,19.0,1.6666666666666667,6.616666666666667,45.72,0.0,3,evening_charger
1338,12.2,12.0,4.296666666666667,29.157999999999998,0.0,5,afternoon_charger
1339,10.0,12.0,1.3666666666666667,6.59,0.0,1,morning_charger
1340,11.0,11.0,0.35,17.77,0.0,1,morning_charger
1341,12.0,12.666666666666666,0.5166666666666667,15.093333333333334,0.0,3,afternoon_charger
1342,9.333333333333334,10.0,0.9944444444444445,20.45,0.0,3,morning_charger
1343,13.210526315789474,13.526315789473685,0.5763157894736842,24.95157894736842,0.0,19,afternoon_charger
1344,20.0,12.0,3.833333333333333,26.425,0.0,2,evening_charger
1345,15.0,5.5,2.6083333333333334,17.86,0.0,2,afternoon_charger
1346,21.5,13.0,3.0833333333333335,20.575,0.0,2,evening_charger
1347,11.0,13.0,1.3,9.18,0.0,1,morning_charger
1348,9.0,10.0,1.0,6.8,0.0,1,morning_charger
1349,8.0,9.0,1.0,6.71,0.0,1,morning_charger
1350,13.117117117117116,12.855855855855856,2.3352852852852855,31.04828828828829,0.10810810810810811,111,afternoon_charger
1351,21.0,2.0,4.9,32.58,0.0,1,evening_charger
1352,10.181818181818182,10.818181818181818,3.3643939393939393,3.505,0.8636363636363636,44,morning_charger
1354,14.5,15.11111111111111,1.862037037037037,5.887777777777778,0.1111111111111111,18,afternoon_charger
1355,18.0,2.0,7.05,47.66,0.0,1,evening_charger
1356,11.555555555555555,12.444444444444445,0.9722222222222222,16.907777777777778,0.0,9,morning_charger
1357,0.0,3.0,3.0,19.82,0.0,1,night_charger
1358,10.333333333333334,10.666666666666666,0.36111111111111116,11.403333333333334,0.0,3,morning_charger
1359,17.0,18.0,0.8583333333333334,5.715,0.0,2,afternoon_charger
1360,14.0,18.0,3.15,20.13,0.0,1,afternoon_charger
1361,16.52173913043478,7.956521739130435,2.920289855072464,19.07,0.0,23,afternoon_charger
1362,15.0,15.571428571428571,0.6054421768707483,14.54877551020408,0.0,49,afternoon_charger
1363,14.0,15.0,5.080555555555556,36.46666666666667,0.3333333333333333,6,afternoon_charger
1364,16.0,23.0,7.266666666666667,48.75,0.0,1,afternoon_charger
1365,19.363636363636363,5.0519480519480515,4.667207792207792,31.790714285714287,0.0,154,evening_charger
1366,19.0,21.5,2.5166666666666666,15.74,0.0,2,evening_charger
1367,15.8,16.15,0.41833333333333333,17.559,0.0,20,afternoon_charger
1369,19.5,8.0,0.8416666666666667,32.645,0.0,2,evening_charger
1370,16.0,17.0,0.43333333333333335,14.07,0.0,1,afternoon_charger
1371,20.0,14.333333333333334,2.211111111111111,14.093333333333334,0.0,3,evening_charger
1372,15.5,16.5,0.8500000000000001,17.75,0.0,2,afternoon_charger
1373,14.666666666666666,15.666666666666666,0.6703703703703704,19.665555555555557,0.0,9,afternoon_charger
1374,20.0,23.0,2.933333333333333,19.52,0.0,1,evening_charger
1375,18.25,19.0,0.7875000000000001,11.69,0.0,4,evening_charger
1376,17.75,14.5,2.7916666666666665,23.39,0.25,4,afternoon_charger
1377,20.0,2.0,6.083333333333334,40.005,0.0,2,evening_charger
1378,14.75,17.0,2.3083333333333336,8.025,0.0,8,afternoon_charger
1379,13.0,13.0,0.35,18.87,0.0,1,afternoon_charger
1380,9.0,12.0,2.5,17.83,0.0,1,morning_charger
1381,15.0,16.0,0.7666666666666667,2.8,0.0,1,afternoon_charger
1382,18.0,18.5,0.75,5.109999999999999,0.0,2,evening_charger
1383,12.435897435897436,14.205128205128204,1.882905982905983,11.94025641025641,0.0,39,afternoon_charger
1384,15.5,16.5,1.4500000000000002,19.06,0.0,2,afternoon_charger
1385,18.0,19.5,1.7,11.625,0.0,2,evening_charger
1386,12.0,13.0,1.2,4.2,0.0,1,afternoon_charger
1387,11.071428571428571,12.142857142857142,0.9976190476190476,9.960714285714285,0.0,14,morning_charger
1388,16.0,17.0,1.3,10.065,0.0,2,afternoon_charger
1389,16.270833333333332,16.354166666666668,0.6486111111111111,15.71125,0.0,48,afternoon_charger
1390,10.0,10.0,0.16666666666666666,1.0,0.0,1,morning_charger
1391,19.333333333333332,6.0,2.733333333333333,18.80333333333333,0.0,3,evening_charger
1392,16.857142857142858,13.142857142857142,3.0285714285714285,10.882857142857143,0.42857142857142855,7,afternoon_charger
1393,18.5,9.0,2.408333333333333,8.465,0.0,2,evening_charger
1394,13.0,14.5,1.4416666666666667,8.51,0.0,2,afternoon_charger
1395,21.0,21.0,0.3416666666666667,12.715,0.0,2,evening_charger
1396,19.666666666666668,15.333333333333334,3.777777777777778,27.396666666666665,0.0,3,evening_charger
1397,18.0,13.0,6.858333333333333,10.809999999999999,1.0,2,evening_charger
1398,13.129032258064516,13.838709677419354,0.767741935483871,15.027096774193547,0.0,31,afternoon_charger
1400,10.5625,11.1875,0.46510416666666665,15.9128125,0.0,32,morning_charger
1401,16.724137931034484,17.413793103448278,2.813505747126437,13.980172413793104,0.0,58,afternoon_charger
1402,18.387755102040817,18.93877551020408,0.523469387755102,24.10816326530612,0.0,49,evening_charger
1403,13.294117647058824,13.941176470588236,0.6676470588235294,25.783529411764704,0.0,34,afternoon_charger
1404,17.23076923076923,12.076923076923077,2.2743589743589743,7.7638461538461545,0.0,13,afternoon_charger
1405,11.0,11.0,0.38333333333333336,10.61,0.0,1,morning_charger
1406,17.0,18.0,0.4,19.08,0.0,1,afternoon_charger
1407,12.625,13.0625,1.9302083333333333,6.33375,0.125,16,afternoon_charger
1408,9.0,13.5,4.491666666666666,28.295,0.0,2,morning_charger
1409,17.0,17.0,0.75,23.48,0.0,1,afternoon_charger
1410,16.423529411764704,16.705882352941178,2.0009803921568627,6.505294117647059,0.09411764705882353,85,afternoon_charger
1411,15.846153846153847,11.35897435897436,6.46965811965812,9.053846153846154,0.5128205128205128,39,afternoon_charger
1412,10.0,11.0,1.05,7.3,0.0,1,morning_charger
1413,21.0,5.0,7.216666666666667,49.94,0.0,1,evening_charger
1414,15.75,16.5,0.7916666666666666,12.61,0.0,4,afternoon_charger
1415,19.0,19.0,0.48333333333333334,15.77,0.0,1,evening_charger
1416,14.875,15.5,0.46875,11.43625,0.0,8,afternoon_charger
1417,16.692307692307693,16.23076923076923,1.4384615384615385,4.869230769230769,0.0,13,afternoon_charger
1418,16.0,17.0,1.1333333333333333,7.66,0.0,1,afternoon_charger
1420,21.0,6.0,8.983333333333333,59.49,0.0,1,evening_charger
1421,16.0,17.0,0.6833333333333333,16.82,0.0,1,afternoon_charger
1422,11.0,11.5,0.525,20.619999999999997,0.0,2,morning_charger
1423,14.151515151515152,16.727272727272727,2.572222222222222,9.11909090909091,0.0,33,afternoon_charger
1424,14.666666666666666,16.333333333333332,1.9444444444444444,13.800000000000002,0.0,3,afternoon_charger
1425,14.5,15.0,0.7166666666666666,23.75,0.0,2,afternoon_charger
1426,15.0,16.0,0.8416666666666666,33.480000000000004,0.0,2,afternoon_charger
1428,15.0,17.0,2.0,13.38,0.0,1,afternoon_charger
1429,14.0,15.0,0.6666666666666666,4.38,0.0,1,afternoon_charger
1430,22.0,2.0,4.0,26.04,0.0,1,evening_charger
1431,12.0,12.0,0.05,0.32,0.0,2,afternoon_charger
1432,18.5,9.5,2.5,16.5,0.0,2,evening_charger
1433,11.244897959183673,11.591836734693878,0.395578231292517,27.59510204081633,0.0,49,morning_charger
1434,20.0,21.0,0.7166666666666667,41.31,0.0,1,evening_charger
1435,12.857142857142858,14.285714285714286,1.1952380952380952,8.027142857142858,0.0,7,afternoon_charger
1437,19.666666666666668,15.666666666666666,4.077777777777778,17.286666666666665,0.3333333333333333,3,evening_charger
1438,13.5,14.0,0.49583333333333335,21.7925,0.0,4,afternoon_charger
1439,12.96,13.48,0.5506666666666666,25.9,0.0,25,afternoon_charger
1440,16.0,16.0,0.38333333333333336,1.27,0.0,1,afternoon_charger
1441,21.0,13.5,4.333333333333333,28.29,0.0,2,evening_charger
1442,16.0,17.0,0.16666666666666666,9.38,0.0,1,afternoon_charger
1443,9.0,9.0,0.16666666666666666,0.67,0.0,1,morning_charger
1444,13.333333333333334,14.333333333333334,0.7722222222222223,16.686666666666667,0.0,3,afternoon_charger
1445,17.653846153846153,8.192307692307692,4.365384615384615,15.922692307692309,0.6538461538461539,26,afternoon_charger
1446,15.76086956521739,17.67391304347826,1.992572463768116,13.491847826086957,0.0,92,afternoon_charger
1447,15.383333333333333,17.5,2.1766666666666667,14.253666666666668,0.0,60,afternoon_charger
1448,14.984375,17.234375,2.2453125,15.0625,0.0,64,afternoon_charger
1449,13.875,16.0,2.1479166666666667,14.1425,0.0,16,afternoon_charger
1450,1.0,4.0,2.6,8.94,0.0,1,night_charger
1451,12.428571428571429,13.428571428571429,1.023809523809524,6.609999999999999,0.0,7,afternoon_charger
1452,12.333333333333334,14.333333333333334,1.6666666666666667,13.446666666666665,0.0,3,afternoon_charger
1453,13.617647058823529,14.808823529411764,1.2166666666666668,4.106764705882353,0.08823529411764706,68,afternoon_charger
1454,13.096774193548388,13.387096774193548,0.2954301075268817,6.781451612903226,0.0,62,afternoon_charger
1455,15.5,16.0,0.8333333333333333,40.5,0.0,2,afternoon_charger
1456,8.666666666666666,11.666666666666666,3.477777777777778,22.703333333333333,0.0,3,morning_charger
1457,20.0,4.0,7.983333333333333,42.4,1.0,1,evening_charger
1458,21.5,1.0,3.9416666666666664,25.955,0.0,2,evening_charger
1459,19.5,16.5,3.0375,9.1375,0.5,4,evening_charger
1461,21.0,2.0,5.35,35.11,0.0,1,evening_charger
1463,18.2,18.4,0.3466666666666667,2.2060000000000004,0.0,5,evening_charger
1464,19.0,3.0,7.383333333333334,47.4,0.0,1,evening_charger
1465,20.5,21.0,0.43333333333333335,2.67,0.0,2,evening_charger
1466,18.0,19.5,1.875,6.71,0.0,2,evening_charger
1468,12.5,13.5,1.1583333333333332,32.35,0.0,2,afternoon_charger
1470,16.333333333333332,18.0,1.7833333333333332,12.186666666666667,0.0,3,afternoon_charger
1471,17.0,18.0,0.8166666666666667,5.57,0.0,1,afternoon_charger
1472,21.0,1.0,3.6666666666666665,23.89,0.0,1,evening_charger
1473,15.0,16.333333333333332,1.1277777777777778,6.793333333333333,0.0,3,afternoon_charger
1474,16.045454545454547,16.681818181818183,0.5598484848484848,32.39,0.0,22,afternoon_charger
1475,11.0,11.0,0.2,4.66,0.0,1,morning_charger
1476,14.0,15.0,1.75,6.3,0.0,1,afternoon_charger
1477,14.0,16.0,1.9166666666666667,47.47,0.0,1,afternoon_charger
1480,14.555555555555555,15.666666666666666,1.1453703703703704,7.365555555555556,0.0,18,afternoon_charger
1481,10.0,12.0,1.9166666666666667,6.85,0.0,1,morning_charger
1482,17.0,17.0,0.7166666666666667,4.94,0.0,1,afternoon_charger
1483,20.0,11.0,2.666666666666667,17.835,0.0,2,evening_charger
1484,18.63953488372093,8.755813953488373,3.4709302325581395,17.378720930232557,0.011627906976744186,86,evening_charger
1485,7.666666666666667,8.666666666666666,0.5611111111111111,24.633333333333336,0.0,3,morning_charger
1486,14.0,7.25,5.508333333333333,16.925,0.5,4,afternoon_charger
1487,19.6,20.8,1.6066666666666667,10.360000000000001,0.0,5,evening_charger
1488,13.333333333333334,14.333333333333334,0.7888888888888889,12.906666666666666,0.0,3,afternoon_charger
1489,18.319148936170212,11.23404255319149,4.674113475177305,31.637021276595746,0.02127659574468085,47,evening_charger
1490,19.0,0.0,4.9,32.53,0.0,1,evening_charger
1491,14.5,15.0,0.9416666666666667,6.845000000000001,0.0,2,afternoon_charger
1492,15.0,15.75,0.5416666666666666,11.2675,0.0,4,afternoon_charger
1493,15.8,17.0,1.3933333333333333,4.858,0.0,5,afternoon_charger
1494,15.923076923076923,11.512820512820513,3.8465811965811962,28.943846153846152,0.0,39,afternoon_charger
1495,23.0,5.0,6.0,41.6,0.0,1,evening_charger
1496,17.0,19.0,2.3833333333333333,16.15,0.0,1,afternoon_charger
1497,13.0,13.714285714285714,0.7761904761904762,4.671428571428572,0.0,7,afternoon_charger
1498,11.0,12.333333333333334,1.3166666666666667,8.413333333333332,0.0,3,morning_charger
1499,16.714285714285715,13.857142857142858,2.2964285714285713,6.903571428571429,0.14285714285714285,14,afternoon_charger
1500,20.0,2.0,5.65,37.4,0.0,1,evening_charger
1501,9.5,10.0,0.425,16.855,0.0,2,morning_charger
1502,15.666666666666666,17.5,1.8333333333333333,6.418333333333334,0.0,6,afternoon_charger
1503,20.5,7.0,10.25,25.95,1.0,2,evening_charger
1504,16.5,16.5,0.2583333333333333,8.96,0.0,2,afternoon_charger
1505,16.34,11.28,2.609,17.279,0.0,50,afternoon_charger
1506,13.0,13.666666666666666,0.4527777777777778,21.77333333333333,0.0,6,afternoon_charger
1507,18.5,21.0,2.5833333333333335,18.585,0.0,2,evening_charger
1508,18.333333333333332,21.0,2.172222222222222,12.469999999999999,0.0,3,evening_charger
1509,11.0,11.5,0.225,11.975,0.0,2,morning_charger
1510,13.5,14.0,0.5166666666666667,1.75,0.0,2,afternoon_charger
1511,15.333333333333334,10.333333333333334,2.727777777777778,17.673333333333336,0.0,3,afternoon_charger
1512,10.5,3.0,4.725,31.025,0.0,2,morning_charger
1513,14.6,15.6,1.06,6.62,0.0,5,afternoon_charger
1514,14.928571428571429,15.607142857142858,0.5982142857142857,21.219642857142855,0.0,28,afternoon_charger
1515,15.0,15.666666666666666,0.35555555555555557,6.763333333333333,0.0,3,afternoon_charger
1516,20.0,22.0,2.2666666666666666,14.7,0.0,1,evening_charger
1517,13.5,14.5,0.9249999999999999,20.32,0.0,2,afternoon_charger
1518,23.0,9.0,10.116666666666667,41.7,1.0,1,evening_charger
1519,13.0,17.0,4.483333333333333,31.9,0.0,1,afternoon_charger
1520,17.923076923076923,16.596153846153847,2.3689102564102567,15.368653846153846,0.0,52,afternoon_charger
1521,9.0,10.0,1.2,8.3,0.0,1,morning_charger
1522,21.0,5.0,8.116666666666667,32.39,1.0,1,evening_charger
1523,12.9,13.65,0.9833333333333334,2.7755,0.0,20,afternoon_charger
1524,3.0,5.0,2.8,9.72,0.0,1,night_charger
1525,13.857142857142858,15.142857142857142,1.1428571428571428,8.2,0.0,7,afternoon_charger
1527,14.333333333333334,15.666666666666666,1.2722222222222224,8.719999999999999,0.0,3,afternoon_charger
1528,9.0,11.578947368421053,2.5473684210526315,15.425789473684212,0.10526315789473684,19,morning_charger
1529,16.0,18.0,1.5166666666666666,0.72,0.0,1,afternoon_charger
1530,17.75,13.0,1.45,32.925,0.0,4,afternoon_charger
1531,15.0,17.0,1.0833333333333333,7.6,0.0,1,afternoon_charger
1532,13.5,15.5,1.8666666666666667,11.875,0.0,2,afternoon_charger
1533,14.0,15.0,0.18333333333333332,12.28,0.0,1,afternoon_charger
1534,18.0,19.0,1.0,6.51,0.0,1,evening_charger
1535,13.0,18.0,5.116666666666666,34.48,0.0,1,afternoon_charger
1536,9.625,11.625,1.8958333333333333,10.46875,0.0,8,morning_charger
1537,19.0,20.0,1.6166666666666667,50.43,0.0,1,evening_charger
1538,17.0,18.5,1.5083333333333333,9.899999999999999,0.0,2,afternoon_charger
1539,15.333333333333334,15.333333333333334,0.39444444444444443,14.79,0.0,3,afternoon_charger
1540,18.5,10.5,4.016666666666667,14.465,0.5,2,evening_charger
1541,14.0,16.0,1.7833333333333334,6.54,0.0,1,afternoon_charger
1543,15.4,10.4,4.636666666666667,30.794,0.0,5,afternoon_charger
1544,16.333333333333332,15.11111111111111,1.5481481481481483,10.645555555555555,0.0,9,afternoon_charger
1545,14.0,14.333333333333334,0.5,18.599999999999998,0.0,3,afternoon_charger
1546,18.0,6.0,3.788888888888889,25.790000000000003,0.0,3,evening_charger
1547,19.0,10.0,2.525,18.0,0.0,2,evening_charger
1548,14.0,14.0,0.5083333333333333,17.67,0.0,2,afternoon_charger
1549,19.0,11.5,4.525,28.775,0.0,2,evening_charger
1550,14.0,15.0,0.7916666666666667,2.9050000000000002,0.0,2,afternoon_charger
1551,14.333333333333334,17.0,2.4388888888888887,15.563333333333333,0.0,3,afternoon_charger
1552,20.0,23.0,3.1666666666666665,17.7,0.0,1,evening_charger
1553,19.6,12.2,1.8833333333333335,12.829999999999998,0.0,5,evening_charger
1554,12.153846153846153,13.0,0.9935897435897435,23.931538461538462,0.0,13,afternoon_charger
1555,20.5,21.0,0.44166666666666665,25.09,0.0,2,evening_charger
1556,20.0,20.0,0.4666666666666667,22.15,0.0,1,evening_charger
1558,16.0,12.0,4.25,28.333333333333332,0.0,3,afternoon_charger
1559,15.153846153846153,12.461538461538462,10.197435897435897,32.84615384615385,0.5384615384615384,13,afternoon_charger
1560,21.0,22.0,1.1833333333333333,8.1,0.0,1,evening_charger
1561,16.5,9.5,5.425,14.275,0.5,2,afternoon_charger
1562,7.666666666666667,11.666666666666666,4.272222222222222,25.61,0.0,3,morning_charger
1563,19.0,22.0,3.2916666666666665,22.775,0.0,2,evening_charger
1564,13.666666666666666,14.333333333333334,0.5981481481481481,11.729999999999999,0.0,9,afternoon_charger
1565,15.666666666666666,11.0,3.3000000000000003,19.566666666666666,0.0,3,afternoon_charger
1566,11.0,12.25,1.1666666666666667,6.79,0.0,4,morning_charger
1567,21.0,23.0,2.0,13.7,0.0,1,evening_charger
1568,22.0,2.0,3.8333333333333335,26.64,0.0,1,evening_charger
1569,16.13888888888889,17.305555555555557,2.4916666666666667,8.400277777777779,0.0,36,afternoon_charger
1570,16.0,17.0,0.4666666666666667,17.95,0.0,1,afternoon_charger
1571,12.875,15.5,2.7895833333333333,9.147499999999999,0.125,8,afternoon_charger
1572,9.0,13.333333333333334,4.516666666666667,16.12,1.0,3,morning_charger
1573,21.0,10.5,1.1333333333333333,7.5649999999999995,0.0,2,evening_charger
1574,15.291666666666666,17.541666666666668,2.2125,7.512083333333333,0.0,24,afternoon_charger
1575,13.857142857142858,14.80952380952381,0.8817460317460317,24.633333333333333,0.0,21,afternoon_charger
1576,18.6,7.8,3.3,21.497999999999998,0.0,5,evening_charger
1577,16.5,19.5,2.9833333333333334,19.61,0.0,2,afternoon_charger
1578,21.0,2.0,5.016666666666667,21.1,1.0,1,evening_charger
1579,13.0,13.666666666666666,0.5833333333333334,3.85,0.0,3,afternoon_charger
1580,15.0,15.5,0.5166666666666667,7.69,0.0,2,afternoon_charger
1581,19.5,20.0,0.6,22.23,0.0,2,evening_charger
1582,14.0,14.0,0.38333333333333336,13.82,0.0,1,afternoon_charger
1583,15.96774193548387,12.67741935483871,2.8768817204301076,8.833225806451612,0.0,31,afternoon_charger
1584,16.0,16.666666666666668,0.638888888888889,2.09,0.0,3,afternoon_charger
1585,16.666666666666668,18.166666666666668,1.6083333333333334,16.043333333333333,0.0,6,afternoon_charger
1586,13.791666666666666,14.791666666666666,0.9513888888888888,32.615833333333335,0.0,48,afternoon_charger
1587,22.0,4.0,6.083333333333333,39.41,0.0,1,evening_charger
1588,13.571428571428571,13.785714285714286,0.2857142857142857,3.9071428571428575,0.0,14,afternoon_charger
1589,12.0,15.666666666666666,3.327777777777778,16.55666666666667,0.3333333333333333,3,afternoon_charger
1590,10.0,4.5,6.608333333333333,45.010000000000005,0.0,2,morning_charger
1591,9.0,9.0,0.05,0.01,0.0,1,morning_charger
1592,11.0,12.0,0.9583333333333334,6.789999999999999,0.0,2,morning_charger
1593,10.0,11.0,1.2333333333333334,8.5,0.0,1,morning_charger
1594,12.0,13.0,0.55,26.29,0.0,1,afternoon_charger
1596,19.0,22.0,2.7666666666666666,17.71,0.0,1,evening_charger
1597,7.0,8.0,0.8666666666666667,5.88,0.0,1,morning_charger
1598,16.0,16.0,0.6,22.79,0.0,1,afternoon_charger
1599,12.444444444444445,12.0,2.538888888888889,17.006666666666668,0.1111111111111111,9,afternoon_charger
1600,17.5,9.0,3.225,20.520000000000003,0.0,2,afternoon_charger
1601,14.333333333333334,11.0,4.516666666666667,20.529999999999998,0.3333333333333333,3,afternoon_charger
1602,10.0,11.0,1.7,12.25,0.0,1,morning_charger
1603,21.0,1.0,4.183333333333334,28.91,0.0,1,evening_charger
1604,14.666666666666666,15.333333333333334,1.05,3.7566666666666664,0.0,3,afternoon_charger
1605,7.0,8.0,0.7333333333333333,37.64,0.0,1,morning_charger
1606,16.285714285714285,16.857142857142858,0.4333333333333333,18.112857142857145,0.0,7,afternoon_charger
1607,16.88888888888889,17.666666666666668,0.4277777777777778,20.936666666666667,0.0,9,afternoon_charger
1608,16.7,17.3,0.4683333333333334,20.217,0.0,10,afternoon_charger
1609,13.666666666666666,8.333333333333334,2.5166666666666666,16.61,0.0,3,afternoon_charger
1610,14.0,15.666666666666666,1.5833333333333333,8.986666666666666,0.0,3,afternoon_charger
1611,17.285714285714285,15.514285714285714,4.542023809523809,31.32785714285714,0.0,140,afternoon_charger
1613,16.2,19.2,2.9466666666666668,8.873999999999999,0.2,5,afternoon_charger
1614,17.5,9.0,2.9333333333333336,20.75,0.0,2,afternoon_charger
1615,12.454545454545455,14.454545454545455,2.0530303030303028,6.717272727272728,0.0,11,afternoon_charger
1616,16.666666666666668,17.0,0.3,10.226666666666667,0.0,3,afternoon_charger
1617,20.8,21.4,0.9033333333333333,37.410000000000004,0.0,5,evening_charger
1618,10.9,12.4,1.6666666666666667,13.98,0.0,10,morning_charger
1619,12.0,12.5,0.45833333333333337,18.08,0.0,2,afternoon_charger
1620,17.0,18.0,0.9583333333333333,6.07,0.0,2,afternoon_charger
1621,22.0,2.0,3.6083333333333334,24.64,0.0,2,evening_charger
1622,13.571428571428571,15.0,1.4761904761904763,5.276428571428572,0.0,14,afternoon_charger
1623,20.5,11.0,2.6333333333333333,17.05,0.0,2,evening_charger
1624,9.5,11.5,1.5083333333333333,10.21,0.0,2,morning_charger
1625,16.272727272727273,14.545454545454545,0.553030303030303,13.153636363636364,0.0,11,afternoon_charger
1626,13.0,14.0,0.4666666666666667,3.24,0.0,1,afternoon_charger
1627,20.0,2.0,6.083333333333333,40.43,0.0,1,evening_charger
1629,12.805555555555555,14.425925925925926,2.151851851851852,6.870648148148148,0.07407407407407407,108,afternoon_charger
1630,13.4,14.2,0.77,6.821000000000001,0.0,10,afternoon_charger
1631,8.6,6.0,1.9333333333333331,12.872,0.0,5,morning_charger
1632,21.0,1.0,4.0,27.07,0.0,1,evening_charger
1633,19.0,14.5,1.3458333333333332,9.095,0.0,4,evening_charger
1634,15.0,15.0,0.2,5.58,0.0,1,afternoon_charger
1635,19.0,1.0,6.666666666666667,45.3,0.0,1,evening_charger
1636,17.75,18.25,0.44166666666666665,12.82,0.0,4,afternoon_charger
1637,21.0,12.0,2.966666666666667,20.150000000000002,0.0,2,evening_charger
1638,17.0,18.0,1.2166666666666666,8.3,0.0,1,afternoon_charger
1639,15.2,11.2,5.593333333333334,14.11,0.6,5,afternoon_charger
1640,17.0,18.0,0.16666666666666666,1.21,0.0,1,afternoon_charger
1641,10.0,11.0,1.2666666666666666,4.6,0.0,1,morning_charger
1642,0.0,3.5,3.716666666666667,25.389999999999997,0.0,2,night_charger
1643,18.0,10.0,3.725,14.73,0.5,2,evening_charger
1645,15.571428571428571,16.952380952380953,1.3642857142857143,4.981428571428571,0.023809523809523808,42,afternoon_charger
1646,13.714285714285714,15.285714285714286,1.4738095238095237,5.302857142857143,0.0,7,afternoon_charger
1647,13.6,17.4,3.54,35.03,0.0,5,afternoon_charger
1648,20.0,23.0,3.15,21.11,0.0,1,evening_charger
1649,12.5,13.0,0.33333333333333337,13.9,0.0,2,afternoon_charger
1650,18.0,23.0,4.516666666666667,29.97,0.0,1,evening_charger
1651,16.0,16.666666666666668,0.7722222222222221,7.109999999999999,0.0,3,afternoon_charger
1653,13.0,13.0,0.31666666666666665,10.94,0.0,1,afternoon_charger
1654,0.0,4.0,4.0,26.57,0.0,1,night_charger
1655,21.0,4.0,6.666666666666667,44.98,0.0,1,evening_charger
1656,17.545454545454547,18.363636363636363,1.156060606060606,8.17090909090909,0.0,11,afternoon_charger
1657,16.5,17.5,0.7416666666666667,13.040000000000001,0.0,2,afternoon_charger
1659,22.0,0.0,1.45,9.75,0.0,1,evening_charger
1660,20.333333333333332,14.333333333333334,2.3000000000000003,14.979999999999999,0.0,3,evening_charger
1661,14.5,15.0,0.5083333333333333,3.455,0.0,2,afternoon_charger
1662,17.0,17.0,0.6833333333333333,1.06,0.0,1,afternoon_charger
1663,23.0,0.0,0.8,25.09,0.0,1,evening_charger
1664,17.333333333333332,5.111111111111111,6.496296296296297,42.63111111111111,0.0,9,afternoon_charger
1665,15.333333333333334,17.0,1.611111111111111,11.193333333333333,0.0,3,afternoon_charger
1666,13.38888888888889,13.944444444444445,0.6888888888888889,25.10388888888889,0.0,18,afternoon_charger
1667,15.923076923076923,16.846153846153847,0.9230769230769231,19.893076923076926,0.0,13,afternoon_charger
1668,17.81081081081081,18.62162162162162,0.8490990990990991,22.99837837837838,0.0,37,afternoon_charger
1669,19.0,20.0,0.8166666666666667,6.58,0.0,1,evening_charger
1671,12.5,12.5,0.6083333333333334,30.15,0.0,2,afternoon_charger
1672,10.571428571428571,10.857142857142858,0.45476190476190476,3.0714285714285716,0.0,7,morning_charger
1674,15.0,15.5,0.5666666666666667,21.48,0.0,2,afternoon_charger
1675,15.0,15.0,0.3333333333333333,2.3,0.0,1,afternoon_charger
1676,12.222222222222221,15.444444444444445,2.907407407407407,3.598888888888889,0.7777777777777778,9,afternoon_charger
1677,17.0,18.0,0.7666666666666667,13.93,0.0,1,afternoon_charger
1679,16.2,16.8,0.37666666666666665,17.491999999999997,0.0,5,afternoon_charger
1680,11.0,12.0,1.4666666666666666,10.37,0.0,1,morning_charger
1681,13.0,13.0,23.983333333333334,11.06,1.0,1,afternoon_charger
1683,11.333333333333334,13.0,1.5722222222222222,10.763333333333334,0.0,3,morning_charger
1684,17.0,18.0,0.0,7.19,0.0,1,afternoon_charger
1685,19.0,2.0,7.866666666666666,50.52,0.0,1,evening_charger
1686,17.0,8.25,9.179166666666667,44.6,0.75,4,afternoon_charger
1687,16.333333333333332,17.0,0.6722222222222222,24.30333333333333,0.0,3,afternoon_charger
1688,15.0,15.0,0.23333333333333334,21.73,0.0,1,afternoon_charger
1689,20.761904761904763,7.285714285714286,8.267460317460317,58.8847619047619,0.0,21,evening_charger
1690,13.0,14.0,0.23333333333333334,8.94,0.0,1,afternoon_charger
1691,15.25925925925926,15.88888888888889,0.6537037037037037,23.18925925925926,0.0,54,afternoon_charger
1692,14.2,16.2,1.95,6.220000000000001,0.0,5,afternoon_charger
1693,15.0,19.0,4.35,31.03,0.0,1,afternoon_charger
1694,20.0,22.0,1.5666666666666667,26.08,0.0,1,evening_charger
1695,12.0,13.5,1.7416666666666667,11.18,0.0,2,afternoon_charger
1696,17.0,0.0,7.5,50.91,0.0,1,afternoon_charger
1697,12.5,11.5,4.76875,12.16,0.875,8,afternoon_charger
1698,15.428571428571429,16.714285714285715,1.4238095238095239,7.782857142857144,0.0,7,afternoon_charger
1699,14.142857142857142,15.428571428571429,1.2642857142857142,4.585714285714286,0.0,7,afternoon_charger
1700,13.0,14.0,0.5,3.22,0.0,1,afternoon_charger
1701,18.0,19.0,1.15,4.08,0.0,1,evening_charger
1702,11.6,14.2,2.44,12.89,0.2,5,morning_charger
1703,16.52173913043478,10.782608695652174,4.665217391304347,33.936521739130434,0.0,23,afternoon_charger
1704,12.0,14.0,1.0166666666666666,30.7,0.0,1,afternoon_charger
1705,16.833333333333332,11.666666666666666,2.8305555555555557,19.055,0.0,6,afternoon_charger
1706,16.0,19.0,3.45,22.18,0.0,1,afternoon_charger
1707,17.666666666666668,8.0,6.7555555555555555,45.199999999999996,0.0,3,afternoon_charger
1708,12.533333333333333,14.8,2.3177777777777777,17.231333333333332,0.0,15,afternoon_charger
1709,13.5,14.5,0.6666666666666666,19.765,0.0,2,afternoon_charger
1710,13.782608695652174,15.391304347826088,2.7195652173913043,16.29695652173913,0.0,46,afternoon_charger
1711,13.153846153846153,13.846153846153847,0.7307692307692307,33.668461538461536,0.0,13,afternoon_charger
1712,17.5,21.0,3.2333333333333334,9.66,0.0,2,afternoon_charger
1713,14.285714285714286,15.785714285714286,1.5607142857142857,18.207857142857144,0.0,14,afternoon_charger
1714,18.428571428571427,17.857142857142858,2.9523809523809526,7.921428571428572,0.5714285714285714,7,evening_charger
1715,17.5,21.5,4.016666666666667,7.75,1.0,2,afternoon_charger
1716,19.0,20.0,0.85,6.0,0.0,1,evening_charger
1717,14.06060606060606,15.893939393939394,3.21489898989899,9.602121212121212,0.4090909090909091,66,afternoon_charger
1718,17.5,17.5,0.075,2.21,0.0,2,afternoon_charger
1719,13.0,13.0,0.08333333333333333,0.6,0.0,1,afternoon_charger
1720,17.25,17.333333333333332,2.102777777777778,13.994166666666667,0.0,12,afternoon_charger
1721,12.0,13.0,0.6166666666666667,4.4,0.0,1,afternoon_charger
1722,20.0,0.0,3.466666666666667,23.0,0.0,1,evening_charger
1723,17.25,15.5,4.320833333333333,14.9325,0.5,4,afternoon_charger
1724,16.833333333333332,18.0,1.1805555555555556,7.87,0.0,6,afternoon_charger
1725,20.0,2.0,5.933333333333334,23.4,1.0,1,evening_charger
1726,15.0,16.0,1.3166666666666667,6.61,0.0,1,afternoon_charger
1727,14.0,15.75,1.9041666666666666,6.6175,0.0,4,afternoon_charger
1728,18.0,19.0,0.6666666666666666,4.45,0.0,1,evening_charger
1729,20.0,21.0,0.6666666666666666,13.8,0.0,1,evening_charger
1730,20.0,0.0,4.1,23.2,0.0,1,evening_charger
1731,12.5,13.333333333333334,0.8222222222222223,19.970000000000002,0.0,6,afternoon_charger
1732,22.0,2.0,0.0,16.87,0.0,1,evening_charger
1733,9.0,10.0,1.0333333333333334,7.3,0.0,1,morning_charger
1734,18.0,18.0,0.3666666666666667,14.99,0.0,2,evening_charger
1735,12.0,12.333333333333334,0.6444444444444444,48.60666666666666,0.0,3,afternoon_charger
1736,14.846153846153847,16.615384615384617,1.8705128205128205,17.805384615384614,0.0,13,afternoon_charger
1737,12.2,13.8,1.5133333333333332,12.39,0.0,5,afternoon_charger
1738,13.0,13.0,0.31666666666666665,15.64,0.0,1,afternoon_charger
1739,16.166666666666668,10.166666666666666,6.158333333333334,48.28666666666667,0.0,6,afternoon_charger
1740,12.5,12.5,0.3833333333333333,5.325,0.0,2,afternoon_charger
1741,19.5,10.0,0.6833333333333333,14.330000000000002,0.0,2,evening_charger
1742,19.5,11.5,3.7916666666666665,16.175,0.5,2,evening_charger
1743,14.0,15.0,1.1333333333333333,4.1,0.0,1,afternoon_charger
1745,12.75609756097561,13.341463414634147,0.6203252032520326,19.400243902439023,0.0,41,afternoon_charger
1746,12.0,13.5,1.175,21.485,0.0,2,afternoon_charger
1747,17.0,18.0,0.65,2.23,0.0,1,afternoon_charger
1749,13.0,13.75,0.49166666666666664,16.7525,0.0,4,afternoon_charger
1750,14.0,4.5,2.5,16.165,0.0,2,afternoon_charger
1751,13.068965517241379,14.586206896551724,1.5390804597701149,25.549310344827585,0.0,29,afternoon_charger
1752,16.0,17.0,0.75,15.68,0.0,1,afternoon_charger
1753,21.0,21.0,0.48333333333333334,16.38,0.0,1,evening_charger
1754,18.0,18.0,0.16666666666666666,0.58,0.0,1,evening_charger
1755,12.0,13.0,0.9166666666666666,6.2,0.0,1,afternoon_charger
1756,11.666666666666666,13.0,1.2555555555555555,7.963333333333334,0.0,3,morning_charger
1757,11.5,12.5,0.7958333333333334,28.520000000000003,0.0,4,morning_charger
1758,13.0,14.0,0.4666666666666667,1.47,0.0,1,afternoon_charger
1759,12.714285714285714,14.428571428571429,1.5714285714285714,5.258571428571429,0.0,7,afternoon_charger
1760,16.3,12.7,1.0916666666666666,7.388,0.1,10,afternoon_charger
1761,14.290322580645162,14.806451612903226,0.48763440860215057,11.916451612903225,0.0,31,afternoon_charger
1762,12.0,13.0,1.3666666666666667,16.515,0.0,2,afternoon_charger
1763,10.0,10.0,0.0,0.045,0.0,4,morning_charger
1764,16.558139534883722,17.53488372093023,2.15484496124031,7.576976744186046,0.011627906976744186,86,afternoon_charger
1765,15.555555555555555,12.0,1.7685185185185184,6.328888888888889,0.0,9,afternoon_charger
1766,13.625,13.75,0.3,8.445,0.0,8,afternoon_charger
1767,16.0,16.0,0.23333333333333334,11.39,0.0,1,afternoon_charger
1768,14.777777777777779,15.222222222222221,0.6037037037037037,26.299999999999997,0.0,9,afternoon_charger
1769,10.970588235294118,13.205882352941176,2.2098039215686276,14.137058823529413,0.0,34,morning_charger
1770,11.0,12.0,0.4,9.43,0.0,1,morning_charger
1772,13.604166666666666,14.583333333333334,0.9920138888888889,2.9858333333333333,0.0,48,afternoon_charger
1773,22.0,22.0,0.25833333333333336,4.425,0.0,2,evening_charger
1774,15.5,16.5,0.8583333333333334,28.6375,0.0,4,afternoon_charger
1775,19.0,22.0,3.3333333333333335,22.7,0.0,1,evening_charger
1776,14.5,17.5,2.8375000000000004,32.269999999999996,0.0,4,afternoon_charger
1778,14.0,14.666666666666666,0.8500000000000001,5.466666666666666,0.0,3,afternoon_charger
1779,15.0,18.0,3.3833333333333333,10.93,0.0,1,afternoon_charger
1780,12.0,14.0,1.1666666666666667,1.62,0.0,1,afternoon_charger
1781,18.5,19.375,0.76875,22.09125,0.0,8,evening_charger
1782,22.0,7.0,9.7,56.36,0.0,1,evening_charger
1783,11.0,12.0,1.1166666666666667,7.75,0.0,1,morning_charger
1785,17.0,18.0,1.0,6.44,0.0,1,afternoon_charger
1786,21.0,0.0,2.7,18.314999999999998,0.0,2,evening_charger
1789,13.0,13.666666666666666,0.6722222222222222,13.466666666666669,0.0,3,afternoon_charger
1790,15.0,11.5,0.7722222222222221,13.048333333333334,0.0,6,afternoon_charger
1791,17.5,18.5,0.6666666666666666,24.065,0.0,2,afternoon_charger
1792,13.857142857142858,7.142857142857143,3.8214285714285716,19.8,0.0,7,afternoon_charger
1793,21.0,0.0,3.05,20.38,0.0,1,evening_charger
1794,12.5,13.5,0.7166666666666667,30.340000000000003,0.0,2,afternoon_charger
1795,19.0,19.5,0.5166666666666666,13.459999999999999,0.0,2,evening_charger
1796,17.0,21.0,3.033333333333333,18.71,0.0,1,afternoon_charger
1797,19.0,19.0,0.3,3.17,0.0,1,evening_charger
1800,12.0,13.0,0.6666666666666666,25.76,0.0,1,afternoon_charger
1801,13.2,13.8,0.37,12.620000000000001,0.0,5,afternoon_charger
1802,16.0,16.0,0.25,12.02,0.0,1,afternoon_charger
1803,10.0,10.666666666666666,0.5222222222222223,13.623333333333333,0.0,3,morning_charger
1804,13.944444444444445,14.5,0.5712962962962963,19.241666666666667,0.0,18,afternoon_charger
1805,13.9375,14.625,0.5614583333333333,17.89125,0.0,16,afternoon_charger
1806,17.0,18.0,0.25,10.43,0.0,1,afternoon_charger
1807,12.5,13.0,0.95,27.365000000000002,0.0,2,afternoon_charger
1808,10.0,10.0,0.38333333333333336,2.61,0.0,1,morning_charger
1809,10.5,13.5,2.85,18.345,0.0,2,morning_charger
1810,14.5,16.0,1.5,10.29,0.0,2,afternoon_charger
1811,14.0,14.555555555555555,0.3314814814814815,11.903333333333332,0.0,9,afternoon_charger
1812,14.0,16.0,1.8833333333333333,6.9,0.0,1,afternoon_charger
1813,20.0,20.0,0.05,0.02,0.0,1,evening_charger
1814,12.666666666666666,13.5,0.8194444444444443,25.583333333333332,0.0,6,afternoon_charger
1815,20.0,0.0,4.2,28.41,0.0,1,evening_charger
1816,18.25,9.0,2.4291666666666667,16.38,0.0,4,evening_charger
1817,13.333333333333334,14.0,0.5444444444444444,22.126666666666665,0.0,3,afternoon_charger
1818,7.0,14.0,6.6,48.5,0.0,1,morning_charger
1819,20.0,10.0,2.25,14.294999999999998,0.0,2,evening_charger
1820,14.733333333333333,15.333333333333334,0.58,19.688666666666666,0.0,15,afternoon_charger
1821,12.5,13.0,0.3,2.505,0.0,2,afternoon_charger
1822,8.666666666666666,10.0,1.3555555555555554,8.786666666666667,0.0,3,morning_charger
1824,10.508196721311476,9.688524590163935,0.7691256830601092,18.12704918032787,0.0,61,morning_charger
1825,19.666666666666668,20.0,0.6666666666666666,17.023333333333333,0.0,3,evening_charger
1826,17.5,19.0,1.6666666666666665,11.469999999999999,0.0,2,afternoon_charger
1827,16.0,8.5,4.2,31.604999999999997,0.0,2,afternoon_charger
1828,13.333333333333334,14.333333333333334,1.2277777777777779,8.24,0.0,3,afternoon_charger
1829,11.0,11.0,0.11666666666666667,3.78,0.0,1,morning_charger
1830,15.333333333333334,15.666666666666666,0.7555555555555555,2.6333333333333333,0.0,3,afternoon_charger
1831,17.5,19.0,1.5916666666666668,10.72,0.0,2,afternoon_charger
1832,13.333333333333334,13.666666666666666,0.4611111111111111,3.16,0.0,3,afternoon_charger
1833,18.473684210526315,10.263157894736842,5.7403508771929825,37.48421052631579,0.10526315789473684,19,evening_charger
1834,17.5,20.5,2.5833333333333335,17.43,0.0,2,afternoon_charger
1835,23.0,11.5,0.6416666666666666,14.81,0.0,2,evening_charger
1836,14.096774193548388,12.290322580645162,4.393548387096774,31.113870967741935,0.0,31,afternoon_charger
1837,16.0,16.0,0.3,3.4,0.0,1,afternoon_charger
1839,17.0,21.0,4.0,26.74,0.0,1,afternoon_charger
1840,18.8,11.6,2.396666666666667,7.006,0.0,5,evening_charger
1841,17.0,14.333333333333334,0.8222222222222223,7.07,0.0,6,afternoon_charger
1842,10.0,12.666666666666666,2.777777777777778,19.736666666666668,0.0,3,morning_charger
1843,17.666666666666668,11.0,1.0,9.436666666666666,0.0,3,afternoon_charger
1844,13.75,16.5,2.875,15.01,0.0,4,afternoon_charger
1845,15.142857142857142,15.142857142857142,0.30238095238095236,9.247142857142858,0.0,7,afternoon_charger
1846,14.0,15.0,1.15,34.65,0.0,1,afternoon_charger
1847,14.0,14.0,0.05,0.2,0.0,1,afternoon_charger
1848,15.5,17.5,1.8333333333333335,13.08,0.0,2,afternoon_charger
1849,12.791666666666666,13.458333333333334,0.6138888888888888,23.88083333333333,0.0,24,afternoon_charger
1850,21.333333333333332,22.0,0.6722222222222222,4.55,0.0,3,evening_charger
1851,14.75,15.625,0.975,20.197499999999998,0.0,8,afternoon_charger
1852,18.0,15.0,4.761111111111111,35.016666666666666,0.0,3,evening_charger
1853,21.0,11.0,2.0083333333333333,13.205,0.0,2,evening_charger
1854,13.0,13.0,0.5333333333333333,3.8,0.0,1,afternoon_charger
1855,9.0,12.0,2.1,9.69,0.0,1,morning_charger
1856,15.166666666666666,15.666666666666666,0.6749999999999999,14.408333333333333,0.0,6,afternoon_charger
1857,18.666666666666668,6.333333333333333,3.9388888888888887,26.81,0.0,3,evening_charger
1858,17.8,14.92,2.9946666666666664,10.692,0.36,25,afternoon_charger
1859,15.692307692307692,13.692307692307692,9.080769230769231,33.56923076923077,0.6153846153846154,13,afternoon_charger
1860,14.766666666666667,13.033333333333333,7.827777777777778,14.700999999999999,0.6,30,afternoon_charger
1861,11.9375,13.0625,1.1697916666666666,19.158125,0.0,16,morning_charger
1862,13.0,13.0,0.7166666666666667,15.68,0.0,1,afternoon_charger
1863,10.666666666666666,11.0,0.25,7.286666666666666,0.0,3,morning_charger
1864,15.88888888888889,16.77777777777778,1.151851851851852,16.012222222222224,0.0,9,afternoon_charger
1865,12.714285714285714,13.428571428571429,0.6071428571428571,18.46857142857143,0.0,7,afternoon_charger
1866,16.333333333333332,16.666666666666668,0.5,22.899999999999995,0.0,3,afternoon_charger
1867,9.0,9.0,0.6833333333333333,26.59,0.0,1,morning_charger
1868,13.0,13.75,0.39583333333333337,12.967500000000001,0.0,4,afternoon_charger
1869,15.555555555555555,10.222222222222221,5.302777777777778,12.347777777777777,1.0,18,afternoon_charger
1870,10.5,11.0,0.4833333333333334,24.130000000000003,0.0,2,morning_charger
1871,21.0,2.0,5.033333333333333,33.84,0.0,1,evening_charger
1872,13.666666666666666,14.333333333333334,0.9611111111111111,3.28,0.0,3,afternoon_charger
1873,14.0,7.0,1.388888888888889,8.983333333333333,0.0,3,afternoon_charger
1874,16.0,16.0,0.5166666666666667,16.42,0.0,1,afternoon_charger
1875,12.0,15.0,1.6333333333333333,21.080000000000002,0.0,4,afternoon_charger
1876,10.0,10.0,0.38333333333333336,20.51,0.0,1,morning_charger
1877,13.0,13.0,0.06666666666666667,2.41,0.0,1,afternoon_charger
1878,14.0,14.0,0.43333333333333335,13.53,0.0,1,afternoon_charger
1879,17.0,10.0,5.0,20.2,0.5,2,afternoon_charger
1880,15.5,18.0,2.5666666666666664,6.285,0.0,2,afternoon_charger
1882,16.0,17.285714285714285,4.6119047619047615,11.248571428571427,0.14285714285714285,7,afternoon_charger
1883,21.0,7.0,0.0,53.2,0.0,1,evening_charger
1884,17.5,10.5,0.8833333333333333,26.62,0.0,2,afternoon_charger
1885,17.0,19.5,1.9833333333333334,13.780000000000001,0.0,2,afternoon_charger
1886,14.0,16.0,2.0166666666666666,14.19,0.0,1,afternoon_charger
1887,14.0,16.5,3.033333333333333,19.82,0.0,2,afternoon_charger
1888,17.5,9.0,3.2666666666666666,14.365,0.5,2,afternoon_charger
1889,18.333333333333332,20.0,1.5,10.38,0.0,3,evening_charger
1890,12.4,11.0,8.556666666666667,30.916000000000004,0.4,5,afternoon_charger
1891,14.0,14.0,0.23333333333333334,9.15,0.0,1,afternoon_charger
1893,16.11764705882353,16.058823529411764,0.6656862745098039,13.875882352941176,0.0,34,afternoon_charger
1894,14.0,14.0,0.65,26.65,0.0,1,afternoon_charger
1895,13.2,14.12,0.9333333333333335,15.492,0.0,25,afternoon_charger
1896,19.0,1.0,6.3,39.81,0.0,1,evening_charger
1897,21.0,23.0,0.0,12.16,0.0,1,evening_charger
1898,15.333333333333334,9.666666666666666,2.3222222222222224,15.273333333333333,0.0,3,afternoon_charger
1899,11.0,15.0,3.183333333333333,22.3,0.0,1,morning_charger
1900,13.5,5.0,3.75,24.575,0.0,2,afternoon_charger
1901,11.0,13.0,1.9333333333333333,13.4,0.0,1,morning_charger
1902,17.666666666666668,19.666666666666668,1.8944444444444446,11.093333333333334,0.0,3,afternoon_charger
1903,14.25,18.0,3.5125,8.1725,0.5,4,afternoon_charger
1904,15.84,12.88,2.9106666666666667,24.254,0.08,25,afternoon_charger
1905,17.0,14.5,1.7277777777777779,20.165,0.0,6,afternoon_charger
1906,17.666666666666668,18.666666666666668,0.7944444444444444,24.439999999999998,0.0,3,afternoon_charger
1907,17.85185185185185,18.11111111111111,0.3395061728395061,15.348518518518517,0.0,27,afternoon_charger
1908,14.50909090909091,15.127272727272727,0.6048484848484849,23.146727272727272,0.0,55,afternoon_charger
1909,22.0,2.0,4.166666666666667,26.35,0.0,1,evening_charger
1910,13.5,5.5,3.7083333333333335,25.759999999999998,0.0,2,afternoon_charger
1911,19.0,3.0,8.466666666666667,56.8,0.0,1,evening_charger
1912,9.0,10.0,0.7,10.76,0.0,1,morning_charger
1913,17.5,20.0,2.1833333333333336,14.565000000000001,0.0,2,afternoon_charger
1914,14.142857142857142,15.428571428571429,1.5142857142857142,5.238571428571428,0.0,7,afternoon_charger
1915,14.0,14.0,0.35,2.4,0.0,1,afternoon_charger
1916,22.0,23.0,1.15,47.34,0.0,1,evening_charger
1917,18.0,21.0,2.4833333333333334,9.7,0.0,1,evening_charger
1918,12.0,14.0,1.6166666666666667,46.53,0.0,1,afternoon_charger
1919,11.0,12.0,0.5333333333333333,3.73,0.0,1,morning_charger
1920,13.166666666666666,15.666666666666666,2.3583333333333334,13.963333333333333,0.0,6,afternoon_charger
1921,19.2,16.2,1.37,10.498000000000001,0.0,5,evening_charger
1922,9.333333333333334,10.0,0.2722222222222222,12.433333333333335,0.0,3,morning_charger
1923,15.0,19.0,4.716666666666667,28.47,0.0,1,afternoon_charger
1924,20.0,20.0,0.03333333333333333,0.15,0.0,1,evening_charger
1925,9.0,10.0,0.6666666666666666,17.55,0.0,1,morning_charger
1926,12.8,14.333333333333334,1.4288888888888889,11.273333333333333,0.0,15,afternoon_charger
1927,18.166666666666668,11.666666666666666,1.7999999999999998,20.595000000000002,0.0,6,evening_charger
1928,17.5,16.0,4.4875,31.5075,0.25,4,afternoon_charger
1929,12.0,13.571428571428571,1.488095238095238,13.1,0.0,7,afternoon_charger
1930,11.777777777777779,13.194444444444445,1.4462962962962962,15.453333333333331,0.0,36,morning_charger
1931,14.0,17.5,3.666666666666667,25.299999999999997,0.0,2,afternoon_charger
1932,10.0,11.0,0.6666666666666666,21.92,0.0,1,morning_charger
1933,20.0,0.0,3.3833333333333333,21.29,0.0,1,evening_charger
1934,14.133333333333333,14.666666666666666,0.5222222222222223,15.483333333333333,0.0,15,afternoon_charger
1935,15.0,16.0,0.7,4.54,0.0,1,afternoon_charger
1936,18.0,19.0,0.5833333333333334,2.14,0.0,1,evening_charger
1937,15.0,16.0,0.48333333333333334,12.17,0.0,1,afternoon_charger
1938,19.0,19.5,0.675,24.965,0.0,2,evening_charger
1939,12.0,12.75,0.6041666666666666,12.434999999999999,0.0,4,afternoon_charger
1940,14.0,17.0,2.8833333333333333,19.06,0.0,1,afternoon_charger
1941,8.333333333333334,8.333333333333334,0.13333333333333333,2.313333333333333,0.0,3,morning_charger
1942,16.0,17.0,0.7166666666666667,22.276666666666667,0.0,3,afternoon_charger
1943,17.0,16.0,6.705555555555556,16.116666666666667,0.3333333333333333,3,afternoon_charger
1944,18.5,18.8,0.3433333333333334,9.795,0.0,10,evening_charger
1945,14.0,16.0,1.9666666666666666,14.06,0.0,1,afternoon_charger
1946,12.9,11.35,10.4225,8.402,0.95,20,afternoon_charger
1947,15.333333333333334,13.703703703703704,2.812345679012346,25.307407407407407,0.0,27,afternoon_charger
1948,8.5,9.5,0.6916666666666667,18.275,0.0,2,morning_charger
1949,15.8,16.4,0.8233333333333335,3.844,0.0,5,afternoon_charger
1950,14.5,15.5,0.9166666666666667,3.015,0.0,2,afternoon_charger
1951,14.25,15.0,0.9041666666666667,13.8125,0.0,4,afternoon_charger
1952,14.0,15.0,1.1166666666666667,3.9,0.0,1,afternoon_charger
1953,16.0,17.5,1.6999999999999997,5.875,0.0,2,afternoon_charger
1955,12.74468085106383,13.404255319148936,0.5340425531914894,9.16531914893617,0.0,47,afternoon_charger
1956,11.857142857142858,12.714285714285714,0.8714285714285713,25.900714285714287,0.0,14,morning_charger
1957,15.833333333333334,14.166666666666666,2.413888888888889,18.30666666666667,0.0,6,afternoon_charger
1958,12.0,12.5,0.5666666666666667,14.24,0.0,2,afternoon_charger
1959,14.8,15.4,0.42000000000000004,16.05,0.0,5,afternoon_charger
1961,10.0,11.0,1.05,7.27,0.0,1,morning_charger
1962,15.666666666666666,3.6666666666666665,3.8333333333333335,25.266666666666666,0.0,3,afternoon_charger
1963,14.0,14.0,0.6166666666666667,30.84,0.0,1,afternoon_charger
1964,14.0,14.8,0.53,12.45,0.0,5,afternoon_charger
1965,10.764705882352942,11.647058823529411,0.846078431372549,21.611176470588234,0.0,17,morning_charger
1966,11.25,12.25,0.7291666666666667,26.9375,0.0,4,morning_charger
1968,16.5,17.5,0.9416666666666667,21.705000000000002,0.0,2,afternoon_charger
1969,21.0,11.0,13.8,30.87,1.0,1,evening_charger
1970,15.0,15.0,0.016666666666666666,0.28,0.0,1,afternoon_charger
1971,10.0,11.0,0.9166666666666666,20.56,0.0,3,morning_charger
1972,20.0,21.0,0.6666666666666666,27.77,0.0,1,evening_charger
1973,15.0,16.0,0.6666666666666666,10.36,0.0,1,afternoon_charger
1974,14.25,15.25,0.7833333333333334,22.0075,0.0,4,afternoon_charger
1975,16.0,20.0,3.4166666666666665,22.3,0.0,1,afternoon_charger
1976,13.678571428571429,14.357142857142858,0.7494047619047619,13.727500000000001,0.0,56,afternoon_charger
1977,15.192307692307692,10.76923076923077,6.730128205128206,26.456923076923076,0.46153846153846156,26,afternoon_charger
1978,18.0,21.0,2.466666666666667,16.91,0.0,1,evening_charger
1979,11.75,12.75,1.1208333333333333,4.085,0.0,4,morning_charger
1980,17.25,10.5,5.516666666666667,18.689999999999998,0.75,4,afternoon_charger
1981,18.0,9.0,2.7666666666666666,16.085,0.0,2,evening_charger
1982,12.666666666666666,14.166666666666666,1.5236111111111112,5.280833333333334,0.0,12,afternoon_charger
1983,14.0,15.0,0.5166666666666667,14.28,0.0,1,afternoon_charger
1984,13.0,13.0,0.0,0.01,0.0,1,afternoon_charger
1985,20.0,7.0,11.616666666666667,73.0,0.0,1,evening_charger
1986,10.941176470588236,14.529411764705882,4.882352941176471,34.572941176470586,0.0,17,morning_charger
1987,16.0,21.0,4.733333333333333,31.0,0.0,1,afternoon_charger
1989,17.5,19.5,2.4333333333333336,15.915,0.0,2,afternoon_charger
1990,13.0,14.0,1.1,3.8,0.0,1,afternoon_charger
1991,10.0,10.333333333333334,0.6333333333333333,23.900000000000002,0.0,3,morning_charger
1992,17.0,22.0,5.216666666666667,36.6,0.0,1,afternoon_charger
1993,10.0,12.0,2.4166666666666665,4.05,0.0,1,morning_charger
1994,20.5,21.0,0.6666666666666666,18.08,0.0,2,evening_charger
1995,16.11111111111111,16.555555555555557,0.3925925925925926,13.726666666666667,0.0,9,afternoon_charger
1996,22.0,0.5,2.904166666666667,19.700000000000003,0.0,4,evening_charger
1997,15.666666666666666,16.166666666666668,0.5861111111111111,19.561666666666667,0.0,6,afternoon_charger
1998,12.76923076923077,13.384615384615385,0.6448717948717948,11.315384615384614,0.0,13,afternoon_charger
1999,9.411764705882353,14.058823529411764,4.628921568627451,10.581176470588234,0.9117647058823529,34,morning_charger
2001,14.0,15.0,0.7833333333333333,2.8,0.0,1,afternoon_charger
2002,19.0,20.666666666666668,1.8555555555555558,13.299999999999999,0.0,3,evening_charger
2003,14.333333333333334,15.0,0.7222222222222223,5.046666666666667,0.0,3,afternoon_charger
2004,17.0,17.5,0.575,11.614999999999998,0.0,2,afternoon_charger
2005,11.0,13.0,1.3166666666666667,8.74,0.0,1,morning_charger
2006,13.0,13.0,0.4,17.59,0.0,1,afternoon_charger
2007,14.0,15.0,1.2,26.445,0.0,2,afternoon_charger
2008,14.833333333333334,16.166666666666668,1.3805555555555555,3.171666666666667,0.16666666666666666,6,afternoon_charger
2010,18.5,11.0,16.758333333333333,61.695,1.0,2,evening_charger
2011,19.5,6.666666666666667,2.9388888888888887,10.351666666666667,0.0,6,evening_charger
2012,17.5,17.5,0.425,16.775000000000002,0.0,2,afternoon_charger
2013,21.0,11.5,2.6,17.695,0.0,2,evening_charger
2014,14.0,15.0,0.9666666666666667,4.13,0.0,1,afternoon_charger
2015,9.0,10.0,0.36666666666666664,15.51,0.0,1,morning_charger
2016,15.0,16.0,1.15,4.0,0.0,1,afternoon_charger
2018,10.0,11.0,1.5833333333333333,28.41,0.0,1,morning_charger
2019,18.0,18.25,0.26666666666666666,7.895,0.0,4,evening_charger
2020,8.76923076923077,11.923076923076923,3.051282051282051,22.48923076923077,0.0,13,morning_charger
2021,6.0,10.0,6.860416666666667,45.625,0.0,8,morning_charger
2022,17.0,20.5,3.6166666666666663,23.904999999999998,0.0,2,afternoon_charger
2024,21.0,3.0,5.966666666666667,36.43,0.0,1,evening_charger
2025,15.75,17.0,0.4708333333333333,5.8825,0.0,4,afternoon_charger
2026,11.0,12.0,1.3166666666666667,8.7,0.0,1,morning_charger
2028,12.6,13.6,1.0733333333333335,6.7459999999999996,0.0,5,afternoon_charger
2029,18.0,23.0,5.0,31.4,0.0,1,evening_charger
2030,16.5,18.0,1.8833333333333333,13.565,0.0,2,afternoon_charger
2031,9.0,9.5,0.8083333333333333,4.949999999999999,0.0,2,morning_charger
2032,20.5,11.0,2.5,16.4,0.0,2,evening_charger
2033,19.5,9.5,0.25,10.514999999999999,0.0,2,evening_charger
2034,17.75,13.0,1.175,7.205,0.0,4,afternoon_charger
2035,7.0,8.0,0.6666666666666666,4.7,0.0,1,morning_charger
2036,16.0,17.0,1.5333333333333334,10.39,0.0,1,afternoon_charger
2037,19.0,20.0,0.9458333333333333,6.0975,0.0,4,evening_charger
2038,17.666666666666668,20.333333333333332,2.255555555555556,12.219999999999999,0.0,3,afternoon_charger
2039,21.0,4.0,0.0,44.02,0.0,1,evening_charger
2040,23.0,7.0,7.5,47.0,0.0,1,evening_charger
2041,16.0,16.0,0.5,3.03,0.0,1,afternoon_charger
2042,17.75,20.0,1.125,12.294999999999998,0.0,4,afternoon_charger
2043,17.0,21.0,4.416666666666667,29.69,0.0,1,afternoon_charger
2044,15.0,19.0,4.0,24.1,0.0,1,afternoon_charger
2045,18.0,9.0,2.975,18.85,0.0,2,evening_charger
2046,13.0,16.0,2.5,15.14,0.0,1,afternoon_charger
2047,8.0,10.5,2.5083333333333333,15.375,0.0,2,morning_charger
2048,18.5,9.0,2.1333333333333333,12.35,0.0,2,evening_charger
2049,17.0,18.0,1.1666666666666667,6.9,0.0,1,afternoon_charger
2050,17.0,2.0,9.0,61.87,0.0,1,afternoon_charger
2051,18.75,9.5,2.3875,19.16,0.0,4,evening_charger
2052,13.333333333333334,16.0,2.5277777777777777,17.433333333333334,0.0,3,afternoon_charger
2053,7.0,9.0,2.0,13.27,0.0,1,morning_charger
2054,22.0,4.0,5.966666666666667,39.27,0.0,1,evening_charger
2055,17.2,9.8,2.413333333333333,15.38,0.0,5,afternoon_charger
2056,17.0,19.0,0.0,9.64,0.0,1,afternoon_charger
2057,15.333333333333334,10.333333333333334,2.888888888888889,19.763333333333332,0.0,3,afternoon_charger
2058,18.5,20.0,1.2916666666666667,8.875,0.0,2,evening_charger
2059,19.0,23.0,4.0,26.93,0.0,1,evening_charger
2060,19.0,2.0,6.633333333333334,42.31,0.0,1,evening_charger
2061,14.0,14.5,0.5416666666666666,3.5300000000000002,0.0,2,afternoon_charger
2062,18.0,22.0,4.016666666666667,26.73,0.0,1,evening_charger
2063,16.0,9.0,4.666666666666667,30.8,0.0,2,afternoon_charger
2065,21.0,2.0,5.0,34.28,0.0,1,evening_charger
2066,9.0,10.0,1.4833333333333334,10.05,0.0,1,morning_charger
2067,18.0,3.0,9.0,60.15,0.0,1,evening_charger
2068,20.0,22.0,2.85,19.13,0.0,1,evening_charger
2069,12.2,10.0,2.413333333333333,16.056,0.0,5,afternoon_charger
2070,12.0,15.5,3.625,22.69,0.0,2,afternoon_charger
2071,15.333333333333334,11.0,3.5,23.290000000000003,0.0,3,afternoon_charger
2072,21.0,4.0,6.666666666666667,46.2,0.0,1,evening_charger
2073,16.0,19.0,2.6083333333333334,29.225,0.0,2,afternoon_charger
2074,11.5,7.25,1.75,11.575,0.0,4,morning_charger
2075,8.0,11.0,2.5,17.28,0.0,1,morning_charger
2076,15.5,18.0,2.5083333333333333,17.105,0.0,2,afternoon_charger
2078,13.5,14.0,0.55,3.66,0.0,2,afternoon_charger
2079,14.0,15.0,0.9,3.1,0.0,1,afternoon_charger
2080,13.0,15.0,1.5833333333333333,50.98,0.0,1,afternoon_charger
2081,14.0,15.523809523809524,1.507936507936508,30.685714285714283,0.047619047619047616,21,afternoon_charger
2082,11.0,15.0,3.966666666666667,28.01,0.0,1,morning_charger
2083,19.333333333333332,8.333333333333334,5.05,34.9,0.0,3,evening_charger
2084,8.0,9.0,0.6,11.14,0.0,1,morning_charger
2085,15.09375,10.875,8.58125,19.49375,0.5625,32,afternoon_charger
2086,7.75,9.5,1.6749999999999998,9.95,0.0,4,morning_charger
2087,20.0,11.0,14.5,20.77,1.0,1,evening_charger
2088,20.0,21.0,1.0,6.45,0.0,1,evening_charger
2089,20.0,0.0,4.016666666666667,25.56,0.0,1,evening_charger
2090,15.5,16.333333333333332,0.7055555555555556,5.484999999999999,0.0,6,afternoon_charger
2092,14.5,15.0,0.125,4.22,0.0,2,afternoon_charger
2093,12.333333333333334,17.0,4.972222222222222,31.150000000000002,0.0,3,afternoon_charger
2094,18.0,19.0,0.8833333333333333,50.64,0.0,1,evening_charger
2097,15.5,16.0,0.5833333333333333,3.565,0.0,2,afternoon_charger
2098,19.0,11.5,0.008333333333333333,25.175,0.0,2,evening_charger
2099,21.5,13.0,0.5,23.12,0.0,2,evening_charger
2100,17.333333333333332,12.333333333333334,2.6944444444444446,15.983333333333334,0.0,3,afternoon_charger
2101,14.0,18.666666666666668,4.833333333333333,33.39333333333334,0.0,3,afternoon_charger
2102,18.0,20.0,2.45,16.8,0.0,1,evening_charger
2103,16.5,18.0,1.2666666666666666,7.805,0.0,2,afternoon_charger
2104,12.625,13.375,0.6854166666666667,19.04375,0.0,8,afternoon_charger
2105,12.0,12.5,0.7083333333333333,18.585,0.0,2,afternoon_charger
2106,12.0,13.0,0.6333333333333333,4.6,0.0,1,afternoon_charger
2107,15.0,16.0,0.6666666666666666,18.4,0.0,1,afternoon_charger
2108,18.0,18.5,0.5916666666666667,3.87,0.0,2,evening_charger
2110,14.0,16.0,1.6833333333333333,11.1,0.0,1,afternoon_charger
2111,12.0,13.0,0.26666666666666666,11.0,0.0,1,afternoon_charger
2112,15.833333333333334,11.61111111111111,2.487037037037037,8.483333333333333,0.05555555555555555,18,afternoon_charger
2114,14.5,15.0,0.825,36.835,0.0,2,afternoon_charger
2115,11.0,12.0,0.7166666666666667,14.93,0.0,1,morning_charger
2116,11.5,13.5,0.4833333333333333,7.9075,0.0,4,morning_charger
2117,13.5,14.0,0.575,3.4799999999999995,0.0,2,afternoon_charger
2118,12.0,13.0,0.7166666666666667,2.66,0.0,1,afternoon_charger
2119,11.0,11.5,0.4625,23.6075,0.0,4,morning_charger
2120,13.0,14.0,1.0166666666666666,6.96,0.0,1,afternoon_charger
2121,17.666666666666668,18.333333333333332,0.46666666666666673,2.6033333333333335,0.0,3,afternoon_charger
2122,18.0,19.0,0.6333333333333333,38.19,0.0,1,evening_charger
2123,20.0,1.0,5.0,33.58,0.0,1,evening_charger
2124,12.571428571428571,13.0,0.5666666666666667,16.009999999999998,0.0,7,afternoon_charger
2125,13.4,16.3,3.086666666666667,19.485,0.0,10,afternoon_charger
2126,19.2,7.6,5.206666666666667,37.184000000000005,0.0,10,evening_charger
2127,11.0,11.0,0.5,19.889999999999997,0.0,3,morning_charger
2128,17.5,21.0,3.6166666666666667,11.14,0.5,2,afternoon_charger
2129,10.0,10.0,0.10833333333333334,0.75,0.0,2,morning_charger
2130,18.5,11.5,4.75,31.54,0.0,2,evening_charger
2131,19.0,1.0,5.683333333333334,36.96,0.0,1,evening_charger
2132,9.186915887850468,6.850467289719626,2.5638629283489096,14.044953271028037,0.1308411214953271,107,morning_charger
2133,13.5,15.0,1.1833333333333333,12.105,0.0,2,afternoon_charger
2134,16.0,17.0,1.3,3.2,0.0,2,afternoon_charger
2135,10.0,11.0,0.5833333333333334,2.2,0.0,1,morning_charger
2137,9.5,10.0,0.675,14.925,0.0,2,morning_charger
2138,18.666666666666668,22.0,3.0833333333333335,18.813333333333333,0.0,3,evening_charger
2139,11.5,13.0,1.5666666666666667,9.870000000000001,0.0,2,morning_charger
2140,18.0,11.0,1.0,25.95,0.0,2,evening_charger
2141,16.0,17.0,0.4166666666666667,10.58,0.0,1,afternoon_charger
2142,15.4,8.2,2.5566666666666666,19.392000000000003,0.0,5,afternoon_charger
2143,18.0,9.0,2.841666666666667,19.349999999999998,0.0,2,evening_charger
2144,15.25,11.5,2.2625,15.0525,0.0,4,afternoon_charger
2145,18.894736842105264,15.631578947368421,3.0368421052631582,20.993684210526315,0.0,19,evening_charger
2146,17.0,18.0,1.0,6.79,0.0,1,afternoon_charger
2147,12.0,12.5,0.8916666666666666,6.135,0.0,2,afternoon_charger
2148,14.0,15.0,0.6333333333333333,4.43,0.0,1,afternoon_charger
2149,18.0,23.0,4.866666666666666,33.25,0.0,1,evening_charger
2150,18.0,19.0,1.05,3.62,0.0,1,evening_charger
2152,17.0,18.5,1.4583333333333335,6.0,0.0,2,afternoon_charger
2153,19.214285714285715,10.785714285714286,1.8178571428571428,13.135,0.0,14,evening_charger
2154,14.0,15.5,1.8194444444444446,6.245,0.16666666666666666,6,afternoon_charger
2155,9.0,9.0,0.06666666666666667,0.5,0.0,1,morning_charger
2156,14.5,15.0,0.6833333333333333,4.67,0.0,2,afternoon_charger
2157,14.0,15.0,0.4666666666666667,3.06,0.0,1,afternoon_charger
2158,20.0,1.0,5.0,33.79,0.0,1,evening_charger
2159,15.0,16.0,0.85,5.95,0.0,1,afternoon_charger
2161,15.0,12.0,13.322222222222223,22.136666666666667,0.6666666666666666,3,afternoon_charger
2162,22.5,14.5,4.858333333333333,29.5,0.0,2,evening_charger
2163,17.0,18.0,1.6,11.21,0.0,1,afternoon_charger
2164,21.0,12.0,3.0,19.169999999999998,0.0,2,evening_charger
2165,19.0,13.0,2.0055555555555555,13.46,0.0,3,evening_charger
2166,11.0,13.0,1.55,10.96,0.0,1,morning_charger
2167,12.5,14.0,1.275,8.73,0.0,2,afternoon_charger
2168,14.25,14.75,0.8375,8.5825,0.0,4,afternoon_charger
2169,22.0,4.0,5.733333333333333,33.63,0.0,1,evening_charger
2170,9.333333333333334,10.666666666666666,1.2666666666666668,8.866666666666667,0.0,3,morning_charger
2171,14.2,14.8,0.6066666666666667,7.1,0.0,5,afternoon_charger
2172,21.0,23.0,2.3833333333333333,8.28,0.0,1,evening_charger
2173,14.526315789473685,15.052631578947368,4.21578947368421,9.814736842105262,0.8421052631578947,19,afternoon_charger
2175,14.0,15.0,0.6666666666666666,39.42,0.0,1,afternoon_charger
2176,21.0,4.0,0.0,43.25,0.0,1,evening_charger
2177,22.0,22.0,0.4166666666666667,10.83,0.0,1,evening_charger
2179,16.0,17.25,1.125,7.5275,0.0,4,afternoon_charger
2180,19.333333333333332,14.0,10.516666666666667,28.30666666666667,0.6666666666666666,3,evening_charger
2181,14.25,15.0,0.5958333333333333,10.6025,0.0,4,afternoon_charger
2182,13.0,14.0,0.6666666666666666,19.43,0.0,1,afternoon_charger
2183,9.0,9.0,0.6833333333333333,21.46,0.0,1,morning_charger
2185,13.0,13.0,0.09166666666666667,0.65,0.0,2,afternoon_charger
2186,17.384615384615383,20.307692307692307,2.8846153846153846,20.682307692307692,0.0,13,afternoon_charger
2187,19.5,20.0,0.75,5.125,0.0,2,evening_charger
2188,16.0,21.0,4.3,25.63,0.0,1,afternoon_charger
2189,18.0,2.0,7.75,49.36,0.0,1,evening_charger
2190,10.0,11.0,1.0,6.72,0.0,1,morning_charger
2191,21.0,6.0,9.0,63.76,0.0,1,evening_charger
2192,19.0,19.0,0.23333333333333334,2.72,0.0,1,evening_charger
2193,14.714285714285714,16.428571428571427,1.7023809523809523,11.757142857142856,0.0,7,afternoon_charger
2195,19.0,23.0,3.9,26.59,0.0,1,evening_charger
2196,17.0,20.333333333333332,3.3222222222222224,10.763333333333334,0.0,3,afternoon_charger
2197,17.0,17.0,0.43333333333333335,13.07,0.0,1,afternoon_charger
2198,12.75,14.0,1.3333333333333333,4.6875,0.0,4,afternoon_charger
2199,15.0,17.0,1.3833333333333333,9.7,0.0,1,afternoon_charger
2201,14.0,15.0,0.6966666666666667,22.386,0.0,5,afternoon_charger
2202,11.0,13.0,1.8333333333333333,67.73,0.0,1,morning_charger
2203,19.0,20.0,0.5,3.39,0.0,1,evening_charger
2204,17.5,18.5,1.475,24.155,0.0,2,afternoon_charger
2205,14.0,14.0,0.5666666666666667,3.73,0.0,1,afternoon_charger
2206,21.0,22.0,0.5,3.37,0.0,1,evening_charger
2207,15.0,15.333333333333334,0.5958333333333333,14.707500000000001,0.0,12,afternoon_charger
2208,16.5,18.5,1.5,9.8,0.0,2,afternoon_charger
2209,16.0,9.0,5.175,33.989999999999995,0.0,2,afternoon_charger
2210,18.0,10.4,2.19,11.786,0.0,5,evening_charger
2211,21.0,4.0,6.366666666666666,40.28,0.0,1,evening_charger
2212,20.5,11.5,3.1333333333333333,21.335,0.0,2,evening_charger
2213,15.0,17.0,2.1666666666666665,15.41,0.0,1,afternoon_charger
2214,16.0,20.0,3.95,5.7575,0.5,4,afternoon_charger
2215,21.0,14.5,5.15,31.835,0.0,2,evening_charger
2216,15.75,12.75,2.875,19.785,0.0,4,afternoon_charger
2217,15.357142857142858,14.571428571428571,0.9249999999999999,6.203571428571428,0.0,14,afternoon_charger
2218,14.818181818181818,13.272727272727273,0.47878787878787876,20.28,0.0,11,afternoon_charger
2219,11.5,12.5,0.8208333333333333,23.83,0.0,4,morning_charger
2220,13.0,14.0,1.2083333333333333,32.129999999999995,0.0,2,afternoon_charger
2221,23.0,4.0,0.0,29.93,0.0,1,evening_charger
2222,17.0,23.0,5.066666666666666,34.2,0.0,1,afternoon_charger
2223,12.0,12.0,0.3,2.05,0.0,1,afternoon_charger
2224,17.0,18.0,1.4,9.58,0.0,1,afternoon_charger
2225,13.5,16.666666666666668,3.2555555555555555,22.016666666666666,0.0,18,afternoon_charger
2226,20.333333333333332,15.0,2.722222222222222,18.933333333333334,0.0,3,evening_charger
2227,6.6,13.533333333333333,6.982222222222222,10.558,0.8,15,morning_charger
2228,15.0,3.3333333333333335,4.183333333333334,26.296666666666667,0.0,3,afternoon_charger
2229,18.5,8.0,1.075,27.275,0.0,2,evening_charger
2230,20.5,10.5,13.833333333333332,35.685,1.0,2,evening_charger
2231,20.0,22.0,2.15,12.98,0.0,1,evening_charger
2232,13.0,14.0,1.0,6.73,0.0,1,afternoon_charger
2233,12.0,13.0,0.8833333333333333,6.2,0.0,1,afternoon_charger
2234,16.0,9.0,5.058333333333334,33.44,0.0,2,afternoon_charger
2235,15.142857142857142,15.714285714285714,0.47380952380952385,16.954285714285714,0.0,7,afternoon_charger
2236,17.0,18.0,0.0,4.11,0.0,1,afternoon_charger
2237,9.0,13.333333333333334,4.166666666666667,29.423333333333332,0.0,3,morning_charger
2238,18.0,4.0,9.166666666666666,60.42,0.0,1,evening_charger
2239,15.0,10.333333333333334,0.42777777777777776,17.626666666666665,0.0,3,afternoon_charger
2240,12.0,13.0,0.9,32.22,0.0,1,afternoon_charger
2241,13.2,13.333333333333334,0.39333333333333337,10.137333333333334,0.0,15,afternoon_charger
2242,21.0,21.5,0.6083333333333334,27.535,0.0,2,evening_charger
2243,14.0,14.0,0.4166666666666667,10.22,0.0,1,afternoon_charger
2244,11.434782608695652,13.26086956521739,1.7528985507246377,12.726086956521739,0.0,23,morning_charger
2245,21.5,3.0,5.541666666666666,35.75,0.0,2,evening_charger
2246,22.0,4.0,6.466666666666667,46.37,0.0,1,evening_charger
2247,11.5,14.0,2.225,14.925,0.0,2,morning_charger
2248,15.5,16.25,0.9416666666666667,6.4975,0.0,4,afternoon_charger
2249,15.0,5.0,2.3916666666666666,16.65,0.0,2,afternoon_charger
2250,12.0,13.5,1.3791666666666667,9.2475,0.0,4,afternoon_charger
2251,18.5,21.5,3.158333333333333,23.065,0.0,2,evening_charger
2252,0.0,8.0,7.283333333333333,47.76,0.0,1,night_charger
2253,19.0,22.5,3.5,22.755000000000003,0.0,2,evening_charger
2254,16.5,7.0,2.2416666666666667,14.41,0.0,2,afternoon_charger
2255,15.0,16.0,0.0,2.73,0.0,1,afternoon_charger
2256,21.0,12.5,3.6916666666666664,24.585,0.0,2,evening_charger
2257,15.5,16.0,0.3277777777777778,7.6883333333333335,0.0,6,afternoon_charger
2258,19.0,20.0,1.5,9.61,0.0,1,evening_charger
2259,21.0,0.0,2.433333333333333,15.59,0.0,1,evening_charger
2260,8.0,10.0,2.0,12.73,0.0,1,morning_charger
2263,10.0,12.0,1.45,9.8,0.0,1,morning_charger
2264,17.0,17.0,0.525,11.39,0.0,2,afternoon_charger
2265,22.5,4.0,3.025,32.795,0.0,2,evening_charger
2266,11.7,10.9,3.7816666666666663,24.574,0.0,10,morning_charger
2267,16.0,17.0,1.3833333333333333,9.4,0.0,1,afternoon_charger
2268,12.125,12.625,0.6166666666666667,7.49375,0.0,8,afternoon_charger
2269,18.5,10.5,0.0,30.384999999999998,0.0,2,evening_charger
2270,14.333333333333334,16.333333333333332,2.0944444444444446,13.533333333333333,0.0,3,afternoon_charger
2271,15.0,16.0,0.38333333333333336,12.69,0.0,1,afternoon_charger
2272,14.0,15.0,0.5,3.42,0.0,1,afternoon_charger
2273,16.0,19.0,2.966666666666667,18.515,0.0,2,afternoon_charger
2274,9.0,9.333333333333334,0.29444444444444445,7.566666666666667,0.0,3,morning_charger
2275,16.0,19.0,2.8666666666666667,18.61,0.0,1,afternoon_charger
2276,17.466666666666665,17.4,0.4477777777777777,15.499555555555556,0.0,45,afternoon_charger
2277,10.0,10.0,0.4166666666666667,13.38,0.0,1,morning_charger
2279,20.0,22.0,2.5,17.05,0.0,1,evening_charger
2280,13.5,14.0,0.6166666666666667,12.315,0.0,2,afternoon_charger
2281,13.0,16.0,2.65,18.2,0.0,1,afternoon_charger
2282,11.0,11.0,0.23333333333333334,9.35,0.0,1,morning_charger
2283,18.0,20.0,2.6166666666666667,11.57,0.0,1,evening_charger
2284,11.333333333333334,14.333333333333334,2.8555555555555556,4.033333333333333,0.3333333333333333,3,morning_charger
2285,16.0,12.333333333333334,4.344444444444445,18.78,0.3333333333333333,3,afternoon_charger
2286,16.0,18.0,1.4166666666666667,4.94,0.0,1,afternoon_charger
2288,13.5,13.5,0.5916666666666667,8.905,0.0,2,afternoon_charger
2289,10.5,13.5,2.0833333333333335,18.61,0.0,2,morning_charger
2290,20.0,23.0,3.316666666666667,19.2,0.0,1,evening_charger
2291,15.0,14.8,2.9155555555555557,10.469333333333333,0.0,15,afternoon_charger
2292,17.5,8.833333333333334,5.3374999999999995,33.8225,0.08333333333333333,12,afternoon_charger
2293,20.0,1.0,4.666666666666667,30.46,0.0,1,evening_charger
2294,14.846153846153847,15.576923076923077,0.6666666666666666,18.259999999999998,0.0,26,afternoon_charger
2295,16.0,18.0,1.8,12.48,0.0,1,afternoon_charger
2296,13.0,15.75,2.675,11.765,0.0,4,afternoon_charger
2297,17.0,21.0,4.766666666666667,23.51,0.0,1,afternoon_charger
2298,11.7,13.4,1.7966666666666669,12.434000000000001,0.0,10,morning_charger
2299,12.8,9.0,0.7133333333333333,5.81,0.0,5,afternoon_charger
2300,12.0,16.0,3.533333333333333,21.585,0.0,2,afternoon_charger
2301,19.0,1.0,5.866666666666666,34.22,0.0,1,evening_charger
2302,18.0,20.5,2.5,17.165,0.0,2,evening_charger
2303,20.0,2.5,6.308333333333334,42.6,0.0,2,evening_charger
2304,20.0,20.0,0.0,0.01,0.0,1,evening_charger
2306,14.5,15.0,0.38333333333333336,8.81,0.0,2,afternoon_charger
2308,14.0,15.0,0.5,3.44,0.0,1,afternoon_charger
2309,21.0,23.0,2.0,13.22,0.0,1,evening_charger
2310,16.0,19.666666666666668,3.6055555555555556,11.4,0.6666666666666666,3,afternoon_charger
2311,23.0,23.0,0.06666666666666667,0.5333333333333333,0.0,3,evening_charger
2312,18.0,20.666666666666668,2.6666666666666665,18.05,0.0,3,evening_charger
2313,11.0,14.0,3.4333333333333336,20.785,0.0,2,morning_charger
2314,19.0,1.0,6.0,38.18,0.0,1,evening_charger
2315,17.0,18.0,0.9833333333333333,3.48,0.0,1,afternoon_charger
2317,16.0,17.5,0.5,7.9,0.0,2,afternoon_charger
2318,1.0,2.0,0.6166666666666667,16.16,0.0,1,night_charger
2319,11.75,14.0,1.0958333333333332,12.9975,0.0,4,morning_charger
2320,13.0,14.0,0.8833333333333333,33.92,0.0,1,afternoon_charger
2321,2.0,3.0,0.8333333333333334,5.38,0.0,1,night_charger
2322,19.0,21.0,2.0,11.0,0.0,1,evening_charger
2323,19.0,15.0,7.816666666666666,12.215,0.5,2,evening_charger
2324,21.0,2.0,5.3,34.87,0.0,1,evening_charger
2325,9.0,10.0,0.6833333333333333,1.62,0.0,1,morning_charger
2326,10.0,10.0,0.4,14.8,0.0,1,morning_charger
2327,13.0,15.0,2.0,13.66,0.0,2,afternoon_charger
2329,20.0,1.0,5.0,30.4,0.0,1,evening_charger
2330,17.666666666666668,19.0,1.4222222222222223,8.696666666666667,0.0,3,afternoon_charger
2333,23.0,2.0,2.85,19.42,0.0,1,evening_charger
2334,22.0,16.0,1.1166666666666667,12.01,0.0,3,evening_charger
2335,11.0,12.0,0.9666666666666667,35.53,0.0,1,morning_charger
2336,22.0,11.5,0.5416666666666666,8.145,0.0,2,evening_charger
2337,11.0,12.0,1.15,8.23,0.0,1,morning_charger
2338,13.0,14.0,0.6833333333333333,17.75,0.0,1,afternoon_charger
2339,18.0,22.0,4.0,26.79,0.0,1,evening_charger
2340,13.846153846153847,14.384615384615385,0.5871794871794871,10.298461538461538,0.0,26,afternoon_charger
2341,16.0,16.0,0.6666666666666666,19.05,0.0,1,afternoon_charger
2343,16.0,16.0,0.36666666666666664,15.9,0.0,1,afternoon_charger
2344,12.0,13.0,0.7333333333333333,31.7,0.0,1,afternoon_charger
2346,21.0,16.0,2.9444444444444446,18.566666666666666,0.0,3,evening_charger
2348,18.0,20.5,2.9916666666666667,10.145,0.5,2,evening_charger
2349,13.5,12.75,5.5375,7.21,0.25,4,afternoon_charger
2350,15.0,16.0,1.8166666666666667,11.4,0.0,1,afternoon_charger
2351,17.0,17.0,0.6166666666666667,25.17,0.0,1,afternoon_charger
2352,14.0,16.0,1.5833333333333333,11.12,0.0,1,afternoon_charger
2353,14.0,20.0,5.966666666666667,20.7,1.0,1,afternoon_charger
2354,21.0,23.0,2.683333333333333,16.37,0.0,1,evening_charger
2355,13.5,6.0,4.708333333333333,20.3,0.5,2,afternoon_charger
2356,17.615384615384617,15.41025641025641,2.6901709401709404,7.815128205128206,0.3333333333333333,39,afternoon_charger
2357,9.0,9.5,0.36666666666666664,11.045,0.0,2,morning_charger
2358,9.0,9.0,0.36666666666666664,12.08,0.0,1,morning_charger
2359,14.571428571428571,15.142857142857142,0.5761904761904761,20.919999999999998,0.0,7,afternoon_charger
2360,10.2,10.4,5.096666666666667,31.856,0.4,5,morning_charger
2361,10.0,11.0,0.4,2.93,0.0,1,morning_charger
2362,17.0,18.0,0.5,1.75,0.0,1,afternoon_charger
2363,22.0,22.0,0.03333333333333333,0.15,0.0,1,evening_charger
2364,10.0,11.0,1.0,6.59,0.0,1,morning_charger
2365,11.75,12.25,0.4125,4.535,0.0,4,morning_charger
2366,15.0,15.2,0.7433333333333333,24.488,0.0,5,afternoon_charger
2367,12.0,12.0,0.15,3.47,0.0,1,afternoon_charger
2368,23.0,1.0,2.0,13.3,0.0,1,evening_charger
2369,13.5,14.5,0.8291666666666667,5.824999999999999,0.0,4,afternoon_charger
2370,8.857142857142858,9.571428571428571,0.4404761904761904,19.48,0.0,7,morning_charger
2371,15.5,7.0,3.025,20.86,0.0,2,afternoon_charger
2373,18.0,21.0,3.25,22.3,0.0,1,evening_charger
2374,17.0,19.5,2.658333333333333,19.01,0.0,2,afternoon_charger
2376,17.0,18.0,0.5,11.45,0.0,1,afternoon_charger
2377,13.5,15.5,0.0,6.4,0.0,2,afternoon_charger
2378,13.666666666666666,14.0,0.4583333333333333,12.781666666666666,0.0,6,afternoon_charger
2379,14.5,15.5,0.4083333333333333,9.265,0.0,2,afternoon_charger
2380,23.0,3.0,3.816666666666667,25.5,0.0,1,evening_charger
2381,17.666666666666668,19.333333333333332,1.2666666666666668,8.833333333333334,0.0,3,afternoon_charger
2382,15.75,9.0,5.475,37.3425,0.0,4,afternoon_charger
2384,12.19047619047619,12.19047619047619,0.007936507936507936,0.04904761904761905,0.0,21,afternoon_charger
2386,16.5,7.25,2.970833333333333,16.4975,0.25,4,afternoon_charger
2387,17.0,14.714285714285714,1.2119047619047618,7.898571428571429,0.0,7,afternoon_charger
2388,16.5,17.142857142857142,0.6892857142857143,16.164285714285715,0.0,14,afternoon_charger
2389,9.0,10.0,0.5,3.41,0.0,1,morning_charger
2391,6.5,7.0,0.31666666666666665,2.1,0.0,2,morning_charger
2392,17.0,18.5,1.5,10.215,0.0,2,afternoon_charger
2393,19.6,19.6,2.5149999999999997,6.258,0.1,10,evening_charger
2394,21.0,21.0,0.55,27.36,0.0,1,evening_charger
2395,16.75,17.5,0.4458333333333333,5.97,0.0,4,afternoon_charger
2396,19.0,0.0,5.533333333333333,37.56,0.0,1,evening_charger
2397,15.0,18.0,2.65,17.72,0.0,1,afternoon_charger
2398,16.0,17.0,1.0,6.83,0.0,1,afternoon_charger
2399,19.5,0.0,4.358333333333333,28.740000000000002,0.0,2,evening_charger
2401,8.5,10.0,1.5,10.275,0.0,2,morning_charger
2402,14.333333333333334,15.333333333333334,9.049999999999999,9.293333333333333,0.3333333333333333,3,afternoon_charger
2403,17.0,20.0,3.3,22.3,0.0,1,afternoon_charger
2404,14.5,5.5,3.3,21.450000000000003,0.0,2,afternoon_charger
2405,9.0,10.0,1.1,7.32,0.0,1,morning_charger
2406,19.0,20.0,0.7833333333333333,5.7,0.0,1,evening_charger
2407,15.0,16.666666666666668,1.6055555555555554,5.6066666666666665,0.0,3,afternoon_charger
2408,19.5,10.5,3.0,19.265,0.0,2,evening_charger
2409,12.0,6.333333333333333,2.2777777777777777,14.453333333333333,0.0,3,afternoon_charger
2411,21.0,21.0,0.45,11.24,0.0,1,evening_charger
2413,12.0,12.0,0.31666666666666665,11.71,0.0,1,afternoon_charger
2414,21.0,3.0,6.0,39.21,0.0,1,evening_charger
2416,22.0,3.0,5.0,33.3,0.0,1,evening_charger
2417,11.0,12.0,0.6166666666666667,16.48,0.0,1,morning_charger
2419,14.8,15.6,0.5533333333333333,13.819999999999999,0.0,5,afternoon_charger
2420,13.714285714285714,14.428571428571429,0.6214285714285713,19.33857142857143,0.0,7,afternoon_charger
2421,16.45,17.15,3.244166666666667,23.4035,0.0,20,afternoon_charger
2422,19.0,23.0,3.6666666666666665,21.93,0.0,1,evening_charger
2423,20.333333333333332,8.333333333333334,3.9500000000000006,12.653333333333334,0.6666666666666666,3,evening_charger
2424,11.0,12.0,1.4166666666666667,7.7,0.0,1,morning_charger
2425,18.0,18.0,0.45,10.8,0.0,1,evening_charger
2426,9.0,10.0,0.43333333333333335,10.43,0.0,1,morning_charger
2427,14.0,14.0,0.6833333333333333,18.42,0.0,1,afternoon_charger
2428,15.0,17.0,1.8,11.61,0.0,1,afternoon_charger
2429,14.5,15.5,0.4916666666666667,13.295,0.0,2,afternoon_charger
2430,18.5,18.5,0.6916666666666667,13.1,0.0,2,evening_charger
2431,15.0,16.5,1.1166666666666667,7.154999999999999,0.0,2,afternoon_charger
2433,12.0,12.0,0.43333333333333335,15.16,0.0,1,afternoon_charger
2434,15.0,16.0,0.31666666666666665,2.14,0.0,1,afternoon_charger
2435,19.0,19.0,0.5666666666666667,3.9,0.0,1,evening_charger
2436,13.0,13.0,0.16666666666666666,4.595000000000001,0.0,2,afternoon_charger
2437,20.4,16.8,1.3633333333333333,9.038,0.0,5,evening_charger
2438,14.0,14.0,0.4,15.39,0.0,1,afternoon_charger
2439,9.0,14.0,4.7,26.2,0.0,3,morning_charger
2440,7.0,8.0,1.3666666666666667,9.86,0.0,1,morning_charger
2442,6.5,7.0,0.6666666666666666,21.875,0.0,2,morning_charger
2443,6.0,6.5,0.5583333333333333,3.99,0.0,2,morning_charger
2444,20.5,10.5,2.1625,15.195,0.0,4,evening_charger
2445,19.0,11.0,4.0,15.3,0.5,2,evening_charger
2446,19.0,20.0,1.6833333333333333,11.34,0.0,1,evening_charger
2447,9.5,10.5,0.5083333333333333,13.795,0.0,2,morning_charger
2448,17.0,18.0,0.48333333333333334,14.71,0.0,1,afternoon_charger
2449,12.0,13.0,1.35,9.76,0.0,1,afternoon_charger
2450,12.5,13.0,0.8,5.465,0.0,2,afternoon_charger
2451,15.0,16.0,1.0777777777777777,6.81,0.0,3,afternoon_charger
2452,18.5,19.5,1.0,6.6,0.0,2,evening_charger
2453,19.75,7.75,5.908333333333333,41.7725,0.0,4,evening_charger
2454,14.25,15.25,1.0291666666666666,3.4525,0.0,4,afternoon_charger
2455,13.666666666666666,14.666666666666666,1.0944444444444443,25.69333333333333,0.0,3,afternoon_charger
2456,12.3,14.6,2.37,15.969999999999999,0.0,10,afternoon_charger
2457,13.0,16.0,3.1666666666666665,10.81,0.3333333333333333,3,afternoon_charger
2458,12.8,9.4,1.5,10.78,0.0,5,afternoon_charger
2460,18.0,17.875,2.997916666666667,6.473750000000001,0.25,8,evening_charger
2461,20.0,2.0,5.166666666666667,33.79,0.0,1,evening_charger
2462,14.0,14.0,0.5666666666666667,20.134999999999998,0.0,2,afternoon_charger
2463,13.0,13.5,0.4916666666666667,13.695,0.0,2,afternoon_charger
2464,14.8,16.4,1.7416666666666667,4.558999999999999,0.0,10,afternoon_charger
2465,5.125,9.125,3.85625,27.30875,0.0,8,night_charger
2466,9.0,9.0,0.31666666666666665,12.64,0.0,1,morning_charger
2467,17.0,20.0,3.2666666666666666,19.85,0.0,1,afternoon_charger
2468,13.0,13.0,0.8166666666666667,5.13,0.0,1,afternoon_charger
2470,14.142857142857142,14.714285714285714,0.5071428571428571,15.70142857142857,0.0,7,afternoon_charger
2471,17.5,18.25,0.6791666666666667,21.0275,0.0,4,afternoon_charger
2472,16.0,16.25,0.36250000000000004,2.5375,0.0,4,afternoon_charger
2474,7.666666666666667,8.0,0.6888888888888888,18.496666666666666,0.0,3,morning_charger
2475,19.666666666666668,8.0,4.616666666666666,27.900000000000002,0.0,3,evening_charger
2476,21.0,1.0,3.8833333333333333,23.3,0.0,1,evening_charger
2477,18.0,18.0,0.016666666666666666,0.11,0.0,1,evening_charger
2478,11.5,12.5,0.8583333333333333,11.875,0.0,2,morning_charger
2479,11.0,12.0,0.9333333333333333,5.63,0.0,1,morning_charger
2480,15.0,15.0,0.7166666666666667,14.79,0.0,1,afternoon_charger
2482,18.0,19.0,0.7666666666666667,5.5,0.0,1,evening_charger
2483,22.0,23.0,0.6,3.89,0.0,1,evening_charger
2484,10.0,11.0,0.23333333333333334,7.52,0.0,1,morning_charger
2485,22.0,5.0,7.583333333333333,52.5,0.0,1,evening_charger
2487,20.0,22.0,1.3333333333333333,8.64,0.0,1,evening_charger
2488,14.0,14.0,0.43333333333333335,1.4300000000000002,0.0,2,afternoon_charger
2489,19.0,20.0,0.6833333333333333,17.64,0.0,1,evening_charger
2490,21.0,22.0,0.7,33.14,0.0,1,evening_charger
2491,11.0,11.5,0.525,11.11,0.0,2,morning_charger
2492,13.0,14.0,0.5583333333333333,26.705,0.0,2,afternoon_charger
2493,17.0,22.333333333333332,5.316666666666666,37.17,0.0,3,afternoon_charger
2494,15.25,15.75,0.32499999999999996,4.21,0.0,4,afternoon_charger
2496,14.0,15.0,0.7166666666666667,17.1,0.0,1,afternoon_charger
2497,12.5,15.5,2.9,19.2,0.0,2,afternoon_charger
2498,8.5,10.5,2.25,15.4,0.0,2,morning_charger
2499,16.0,17.0,1.2666666666666666,4.6,0.0,1,afternoon_charger
2500,13.0,13.0,0.38333333333333336,2.56,0.0,1,afternoon_charger
2501,13.0,14.0,1.6166666666666667,19.26,0.0,1,afternoon_charger
